timestamp,frame_id,yaw,pitch,roll,ear,wrist_velocity,label
1779193404.824,1,5.7,-0.7,0.24,0.3669,0.0,0
1779193405.167,2,5.9,1.18,1.07,0.3784,0.005137,0
1779193405.2418,3,6.17,2.72,1.13,0.3846,0.005431,0
1779193405.3485,4,6.56,3.41,1.18,0.3824,0.004527,0
1779193405.4642,5,6.87,3.01,1.05,0.3801,0.006162,0
1779193405.5539,6,6.8,2.79,1.77,0.383,0.007629,0
1779193405.6448,7,6.63,2.69,2.27,0.3862,0.006613,0
1779193405.7543,8,6.29,3.45,1.97,0.3871,0.006724,0
1779193405.8418,9,5.71,0.22,2.33,0.4239,0.009748,0
1779193405.9337,10,5.53,1.48,2.33,0.3919,0.008201,0
1779193406.0276,11,5.85,3.44,1.12,0.3996,0.007188,0
1779193406.0859,12,6.03,3.27,0.91,0.394,0.00647,0
1779193406.1531,13,6.15,3.63,0.42,0.3979,0.006266,0
1779193406.2212,14,6.13,3.44,0.42,0.396,0.004104,0
1779193406.2989,15,6.43,5.27,0.2,0.3988,0.004521,0
1779193406.3795,16,6.2,5.84,0.2,0.3853,0.005538,0
1779193406.467,17,6.3,5.75,0.26,0.3874,0.007237,0
1779193406.5567,18,6.23,4.59,0.86,0.3917,0.007341,0
1779193406.6458,19,6.06,3.63,0.82,0.3976,0.007174,0
1779193406.729,20,5.78,2.3,1.79,0.4015,0.007069,0
1779193406.8083,21,5.54,1.73,1.65,0.404,0.006536,0
1779193406.8895,22,5.39,1.94,1.71,0.4044,0.004893,0
1779193406.9558,23,5.42,1.91,1.7,0.4071,0.005354,0
1779193407.0056,24,5.41,2.02,2.15,0.4087,0.004836,0
1779193407.0543,25,5.51,2.05,2.33,0.4075,0.003764,0
1779193407.1171,26,5.54,1.81,2.37,0.4079,0.003275,0
1779193407.1827,27,5.54,1.66,2.52,0.4085,0.003058,0
1779193407.2583,28,5.49,1.87,2.59,0.4065,0.002063,0
1779193407.3319,29,5.4,1.43,2.68,0.4078,0.002412,0
1779193407.4044,30,5.54,1.9,2.81,0.4089,0.002862,0
1779193407.4765,31,5.59,2.31,2.96,0.4105,0.00322,0
1779193407.5464,32,5.69,2.64,3.07,0.4132,0.003408,0
1779193407.6241,33,5.78,2.66,3.02,0.4159,0.002979,0
1779193407.6937,34,5.76,2.55,3.0,0.4169,0.002756,0
1779193407.7692,35,5.78,2.44,2.88,0.4195,0.002957,0
1779193407.843,36,5.78,2.29,2.85,0.4211,0.002719,0
1779193407.9196,37,5.8,2.14,2.94,0.4245,0.002642,0
1779193407.9968,38,5.77,1.92,2.98,0.4234,0.003662,0
1779193408.071,39,5.73,1.91,2.98,0.4214,0.003658,0
1779193408.1397,40,5.82,2.8,3.22,0.4196,0.002964,0
1779193408.2063,41,5.61,2.34,3.39,0.4208,0.004012,0
1779193408.2749,42,5.46,2.28,3.46,0.4138,0.004233,0
1779193408.3416,43,5.52,2.54,3.63,0.412,0.003477,0
1779193408.4498,44,5.47,2.25,3.61,0.4144,0.0036,0
1779193408.5425,45,5.47,1.9,3.72,0.4156,0.003846,0
1779193408.6104,46,5.39,1.88,3.81,0.4157,0.002476,0
1779193408.6871,47,5.38,1.62,3.87,0.4159,0.003002,0
1779193408.7897,48,5.38,1.66,3.98,0.4248,0.003283,0
1779193408.8655,49,5.43,1.73,4.17,0.4251,0.003056,0
1779193408.9442,50,5.46,1.88,4.32,0.4207,0.003831,0
1779193409.0289,51,5.59,2.78,4.47,0.4194,0.005585,0
1779193409.0998,52,5.64,2.71,4.65,0.4185,0.005207,0
1779193409.1623,53,5.5,2.5,4.92,0.4204,0.005509,0
1779193409.2321,54,5.48,2.1,5.33,0.4219,0.005456,0
1779193409.3056,55,5.39,1.45,5.32,0.4174,0.00467,0
1779193409.3757,56,5.25,0.47,5.27,0.4159,0.003708,0
1779193409.4447,57,5.17,-0.11,5.32,0.4183,0.003956,0
1779193409.4957,58,5.06,-0.2,5.44,0.4131,0.003679,0
1779193409.5534,59,5.01,-0.01,5.05,0.4089,0.003441,0
1779193409.6149,60,4.87,-0.38,4.82,0.4106,0.003568,0
1779193409.697,61,4.67,-1.26,4.69,0.4129,0.00445,0
1779193409.7589,62,4.55,-1.79,4.89,0.4132,0.005776,0
1779193409.8099,63,4.5,-1.12,4.85,0.4129,0.006128,0
1779193409.8699,64,4.64,-1.45,4.82,0.4187,0.006926,0
1779193409.9498,65,4.66,-1.91,4.8,0.4279,0.007408,0
1779193410.0196,66,4.73,-1.48,4.46,0.4301,0.006678,0
1779193410.0845,67,4.73,-1.26,4.34,0.4315,0.005522,0
1779193410.1515,68,4.74,-1.31,4.36,0.4309,0.005809,0
1779193410.2229,69,4.81,-1.27,4.21,0.4274,0.006441,0
1779193410.2961,70,4.95,-0.87,3.94,0.4285,0.006643,0
1779193410.3723,71,5.02,-1.32,4.07,0.4284,0.005735,0
1779193410.451,72,5.06,-1.29,4.14,0.4257,0.004937,0
1779193410.5284,73,5.01,-1.6,4.17,0.4264,0.004027,0
1779193410.599,74,4.97,-1.64,4.31,0.4259,0.003039,0
1779193410.6728,75,4.96,-1.61,4.34,0.426,0.003193,0
1779193410.7531,76,4.98,-1.44,4.16,0.4253,0.004692,0
1779193410.8176,77,5.0,-1.21,4.11,0.4243,0.004928,0
1779193410.885,78,4.96,-1.1,4.1,0.4241,0.006716,0
1779193410.9596,79,4.94,-1.0,4.16,0.4224,0.00631,0
1779193411.0318,80,4.92,-0.93,4.17,0.4222,0.005535,0
1779193411.1009,81,4.9,-0.89,4.12,0.4209,0.004245,0
1779193411.1662,82,4.88,-0.79,4.11,0.4224,0.004302,0
1779193411.2338,83,4.86,-0.78,4.12,0.4243,0.002868,0
1779193411.3074,84,4.86,-0.54,4.12,0.425,0.002946,0
1779193411.3931,85,4.77,-0.08,4.03,0.4256,0.002622,0
1779193411.5098,86,4.76,0.47,4.03,0.426,0.002423,0
1779193411.5765,87,4.76,0.97,3.82,0.4255,0.002369,0
1779193411.6454,88,4.82,1.28,3.83,0.4242,0.002845,0
1779193411.7436,89,4.81,1.3,3.8,0.4235,0.003412,0
1779193411.8318,90,4.81,0.96,3.82,0.4225,0.004433,0
1779193411.8919,91,4.82,0.85,3.79,0.4236,0.005195,0
1779193411.9682,92,4.79,0.86,3.83,0.425,0.005226,0
1779193412.0459,93,4.79,0.87,3.8,0.4255,0.00459,0
1779193412.1169,94,4.77,0.63,4.03,0.4249,0.004518,0
1779193412.1764,95,4.77,0.51,4.18,0.4247,0.003855,0
1779193412.2401,96,4.79,0.5,4.13,0.4246,0.003762,0
1779193412.3122,97,4.78,0.44,4.14,0.4242,0.004673,0
1779193412.3866,98,4.77,0.47,4.09,0.4233,0.004652,0
1779193412.4532,99,4.8,0.51,4.03,0.4247,0.004748,0
1779193412.5347,100,4.81,0.53,4.06,0.4242,0.004731,0
1779193412.6097,101,4.84,0.57,4.07,0.4219,0.00488,0
1779193412.6819,102,4.86,0.66,4.17,0.4215,0.00449,0
1779193412.7674,103,4.88,0.65,4.35,0.4211,0.004674,0
1779193412.8492,104,4.88,0.57,4.54,0.4208,0.004628,0
1779193412.9389,105,4.92,0.91,4.72,0.4239,0.005413,0
1779193413.0247,106,4.94,0.66,4.81,0.4256,0.004956,0
1779193413.0918,107,4.95,0.61,4.81,0.4264,0.004201,0
1779193413.1638,108,4.97,0.7,4.87,0.4271,0.003726,0
1779193413.2289,109,4.92,0.28,4.87,0.4269,0.003569,0
1779193413.287,110,4.92,0.15,4.92,0.4269,0.003517,0
1779193413.3466,111,4.93,0.13,4.91,0.4265,0.003724,0
1779193413.4189,112,4.91,0.01,4.91,0.427,0.003973,0
1779193413.4909,113,4.9,0.22,4.88,0.4271,0.004011,0
1779193413.5438,114,4.88,0.24,4.85,0.4258,0.003767,0
1779193413.6126,115,4.86,0.28,4.86,0.4231,0.003406,0
1779193413.6921,116,4.87,0.45,4.93,0.4224,0.003443,0
1779193413.764,117,4.85,0.62,4.91,0.4209,0.003596,0
1779193413.838,118,4.84,0.91,4.92,0.4196,0.004274,0
1779193413.9158,119,4.83,0.94,4.99,0.4205,0.004839,0
1779193413.9966,120,4.89,0.94,4.95,0.42,0.004624,0
1779193414.0725,121,4.85,0.66,4.9,0.4204,0.005025,0
1779193414.1404,122,4.84,0.48,5.02,0.4198,0.00635,0
1779193414.2073,123,4.8,0.37,5.01,0.4202,0.00662,0
1779193414.2749,124,4.79,0.33,4.95,0.4202,0.0077,0
1779193414.3468,125,4.79,0.33,4.93,0.4203,0.008532,0
1779193414.4352,126,4.78,0.49,4.93,0.4211,0.00903,0
1779193414.5262,127,4.78,0.66,4.98,0.4241,0.007338,0
1779193414.6038,128,4.79,1.01,4.94,0.4244,0.006432,0
1779193414.684,129,4.75,0.84,4.92,0.4213,0.005071,0
1779193414.7889,130,4.71,1.46,5.06,0.4201,0.004552,0
1779193414.8656,131,4.77,1.83,5.05,0.4196,0.003492,0
1779193414.9293,132,4.79,1.87,5.01,0.4193,0.004268,0
1779193414.9784,133,4.82,2.13,5.06,0.4151,0.004867,0
1779193415.0429,134,4.99,3.56,5.3,0.4124,0.005263,0
1779193415.1072,135,5.0,4.34,5.46,0.4112,0.005354,0
1779193415.1768,136,5.16,6.7,5.5,0.4082,0.006161,0
1779193415.2759,137,4.91,7.47,5.75,0.4126,0.005538,0
1779193415.3514,138,4.95,8.54,5.93,0.4073,0.005308,0
1779193415.4174,139,5.24,8.97,5.74,0.4065,0.004927,0
1779193415.4798,140,5.21,9.44,5.73,0.408,0.005081,0
1779193415.5392,141,5.66,12.67,5.29,0.4149,0.004964,0
1779193415.606,142,5.82,14.88,4.89,0.411,0.00527,0
1779193415.6705,143,7.0,17.92,4.34,0.405,0.00464,0
1779193415.7376,144,7.16,19.96,4.63,0.4003,0.003999,0
1779193415.817,145,6.9,21.42,5.38,0.4085,0.002795,0
1779193415.8958,146,6.85,21.49,5.3,0.4,0.001719,0
1779193415.9727,147,6.96,22.36,5.72,0.4,0.001326,0
1779193416.0447,148,6.93,22.46,5.98,0.4018,0.001218,0
1779193416.1098,149,6.96,22.7,6.43,0.4025,0.00176,0
1779193416.1739,150,6.8,22.55,6.35,0.4025,0.002737,0
1779193416.2525,151,6.76,22.8,6.54,0.4022,0.00363,0
1779193416.3285,152,6.75,22.91,6.79,0.4026,0.004199,0
1779193416.4079,153,6.71,22.98,6.9,0.4005,0.005412,0
1779193416.4907,154,6.64,23.31,6.61,0.4083,0.005318,0
1779193416.5694,155,6.15,20.12,7.15,0.4092,0.005708,0
1779193416.6553,156,6.18,18.92,7.22,0.4023,0.005853,0
1779193416.7304,157,5.95,18.8,7.37,0.406,0.006461,0
1779193416.8067,158,5.25,15.56,6.93,0.4066,0.007033,0
1779193416.8879,159,5.02,13.17,5.86,0.4083,0.008664,0
1779193416.9652,160,5.44,11.64,4.62,0.3896,0.007916,0
1779193417.037,161,5.81,10.5,4.97,0.3845,0.00738,0
1779193417.1065,162,5.85,9.43,4.92,0.3964,0.006822,0
1779193417.1699,163,5.72,5.03,4.32,0.4016,0.005785,0
1779193417.2388,164,6.13,1.42,3.47,0.4109,0.004557,0
1779193417.3071,165,5.72,-9.13,4.7,0.4014,0.004519,0
1779193417.3789,166,5.97,-11.03,4.87,0.3926,0.004027,0
1779193417.4511,167,6.14,-14.53,5.31,0.3911,0.003161,0
1779193417.5216,168,6.24,-15.15,5.16,0.3942,0.002722,0
1779193417.6207,169,6.49,-14.54,4.48,0.4064,0.002089,0
1779193417.7124,170,6.71,-14.54,3.96,0.417,0.002359,0
1779193417.786,171,6.91,-14.14,3.75,0.4213,0.003599,0
1779193417.856,172,7.02,-13.4,3.51,0.4238,0.004593,0
1779193417.94,173,7.11,-12.49,3.17,0.424,0.005735,0
1779193418.0316,174,7.24,-10.61,2.97,0.4233,0.005693,0
1779193418.0973,175,7.24,-9.85,2.98,0.4254,0.006657,0
1779193418.1604,176,7.42,-8.91,2.4,0.4255,0.006705,0
1779193418.2289,177,7.55,-7.84,2.06,0.4231,0.006417,0
1779193418.3042,178,7.57,-6.87,1.98,0.42,0.006099,0
1779193418.3786,179,7.29,-6.24,1.73,0.4176,0.006245,0
1779193418.4623,180,7.26,-5.59,1.83,0.4176,0.004847,0
1779193418.5351,181,7.23,-4.47,1.88,0.4167,0.003801,0
1779193418.6128,182,6.96,-6.23,1.81,0.4137,0.003655,0
1779193418.6873,183,6.82,-7.15,1.9,0.4156,0.00351,0
1779193418.7653,184,6.81,-6.02,2.75,0.4142,0.004857,0
1779193418.8474,185,6.96,-3.01,3.05,0.4155,0.005171,0
1779193418.9286,186,6.44,-0.79,2.62,0.4063,0.005145,0
1779193419.0053,187,6.26,0.67,1.94,0.4105,0.00535,0
1779193419.0767,188,6.01,4.62,1.75,0.4103,0.004938,0
1779193419.1437,189,6.17,7.46,2.72,0.4099,0.004184,0
1779193419.2117,190,6.1,6.79,2.78,0.4078,0.004717,0
1779193419.2831,191,7.01,9.29,3.74,0.4054,0.006388,0
1779193419.354,192,6.65,10.13,3.12,0.4093,0.006582,0
1779193419.4185,193,6.63,13.02,2.1,0.4095,0.005983,0
1779193419.4881,194,6.77,13.85,1.95,0.4138,0.005349,0
1779193419.5658,195,6.39,15.17,2.31,0.4191,0.004108,0
1779193419.6434,196,6.02,15.18,1.44,0.415,0.002153,0
1779193419.7179,197,5.84,15.62,1.43,0.42,0.001274,0
1779193419.8002,198,5.84,16.02,1.54,0.4229,0.00166,0
1779193419.8835,199,5.99,16.06,1.84,0.4167,0.002186,0
1779193419.9574,200,6.38,12.22,1.65,0.4112,0.002815,0
1779193420.037,201,6.85,9.48,1.99,0.4034,0.003688,0
1779193420.1039,202,7.82,8.1,1.98,0.4048,0.004974,0
1779193420.1667,203,9.02,6.99,2.56,0.4102,0.005722,0
1779193420.2196,204,8.91,2.32,2.23,0.4161,0.00515,0
1779193420.2903,205,8.83,1.85,2.12,0.4085,0.00465,0
1779193420.3578,206,8.61,1.52,2.23,0.4153,0.004049,0
1779193420.4313,207,8.51,0.36,2.4,0.4152,0.00266,0
1779193420.5214,208,8.62,0.96,2.56,0.418,0.001638,0
1779193420.6051,209,8.62,1.18,2.59,0.422,0.001785,0
1779193420.6831,210,8.46,-0.72,1.63,0.425,0.002851,0
1779193420.7593,211,7.72,-2.85,1.62,0.4224,0.003116,0
1779193420.8401,212,7.21,-5.03,1.33,0.4246,0.003638,0
1779193420.931,213,7.27,-6.27,1.43,0.424,0.004221,0
1779193421.0089,214,7.21,-6.81,1.58,0.4183,0.004342,0
1779193421.0796,215,7.33,-6.12,1.51,0.4189,0.003292,0
1779193421.1512,216,6.87,-13.88,3.1,0.4065,0.003247,0
1779193421.2235,217,6.77,-18.25,5.01,0.4027,0.00303,0
1779193421.2974,218,6.04,-20.26,5.32,0.3991,0.003869,0
1779193421.3731,219,6.16,-20.01,5.25,0.3985,0.004213,0
1779193421.456,220,6.4,-19.56,5.3,0.4077,0.004607,0
1779193421.5319,221,6.88,-18.38,5.1,0.4135,0.005462,0
1779193421.6017,222,7.13,-18.12,5.34,0.4136,0.006164,0
1779193421.6697,223,7.16,-18.99,5.5,0.4127,0.004905,0
1779193421.747,224,7.34,-18.34,5.25,0.4179,0.00437,0
1779193421.8283,225,7.49,-18.41,5.26,0.4193,0.004976,0
1779193421.898,226,7.67,-17.9,5.25,0.4202,0.004494,0
1779193421.9516,227,7.78,-15.88,4.79,0.415,0.00411,0
1779193422.0022,228,7.5,-15.51,4.02,0.4205,0.005465,0
1779193422.0545,229,7.31,-12.85,2.67,0.4168,0.006447,0
1779193422.1035,230,7.3,-10.42,1.81,0.4157,0.007195,0
1779193422.1558,231,6.96,-10.6,1.6,0.4142,0.007839,0
1779193422.2056,232,6.87,-7.8,1.09,0.4083,0.007494,0
1779193422.2768,233,6.99,-5.16,1.17,0.4092,0.006168,0
1779193422.3538,234,6.87,-3.37,1.32,0.412,0.005993,0
1779193422.4293,235,6.83,-2.84,1.17,0.411,0.005031,0
1779193422.5059,236,6.57,-1.89,1.36,0.4106,0.004234,0
1779193422.5842,237,6.58,-1.69,1.38,0.4133,0.005191,0
1779193422.6521,238,6.49,-2.03,1.53,0.4152,0.005356,0
1779193422.7136,239,6.46,-1.76,1.74,0.4151,0.004592,0
1779193422.7838,240,6.5,-2.18,1.91,0.415,0.003806,0
1779193422.8626,241,6.56,-2.56,2.09,0.4184,0.003232,0
1779193422.9306,242,6.61,-2.8,2.3,0.4187,0.003429,0
1779193423.003,243,6.66,-3.06,2.34,0.417,0.004445,0
1779193423.0762,244,6.67,-3.36,2.69,0.414,0.005444,0
1779193423.1418,245,6.9,-2.85,2.45,0.4128,0.00608,0
1779193423.2078,246,6.86,-2.67,2.38,0.412,0.006554,0
1779193423.2783,247,6.72,-3.19,2.51,0.4131,0.006269,0
1779193423.3519,248,6.79,-3.08,2.64,0.4173,0.005294,0
1779193423.4165,249,6.81,-3.23,2.62,0.4193,0.004645,0
1779193423.4922,250,7.02,-2.63,2.48,0.4198,0.004013,0
1779193423.5778,251,7.11,-1.67,2.61,0.4184,0.004066,0
1779193423.6668,252,7.24,-0.04,2.47,0.4182,0.002932,0
1779193423.7458,253,7.26,0.47,2.45,0.4179,0.002776,0
1779193423.8565,254,7.25,0.85,2.3,0.4146,0.0024,0
1779193423.9466,255,7.23,1.08,2.23,0.4159,0.002846,0
1779193424.02,256,7.19,0.78,2.55,0.417,0.002548,0
1779193424.0856,257,7.31,1.92,2.66,0.4135,0.003444,0
1779193424.1476,258,7.37,1.59,2.6,0.4149,0.004479,0
1779193424.2127,259,7.33,0.89,2.65,0.4139,0.00504,0
1779193424.2837,260,7.3,0.85,2.61,0.4111,0.0047,0
1779193424.3628,261,7.24,-1.13,2.55,0.4101,0.004562,0
1779193424.4354,262,7.24,-1.33,2.37,0.409,0.003857,0
1779193424.5053,263,7.17,-1.69,2.27,0.4116,0.002918,0
1779193424.5877,264,7.44,-1.58,2.27,0.4145,0.002189,0
1779193424.6682,265,7.53,-0.82,2.27,0.4169,0.002052,0
1779193424.7454,266,7.76,-0.22,2.35,0.4212,0.002522,0
1779193424.8307,267,7.6,-0.68,2.75,0.4227,0.003697,0
1779193424.9121,268,7.42,-0.25,3.24,0.4131,0.004003,0
1779193424.9879,269,7.21,-0.77,3.09,0.4153,0.003799,0
1779193425.0591,270,6.97,-3.96,3.22,0.4193,0.003641,0
1779193425.1225,271,6.48,-6.38,2.77,0.4186,0.003745,0
1779193425.1914,272,6.49,-5.97,2.31,0.4192,0.00346,0
1779193425.248,273,6.41,-6.32,2.09,0.422,0.002985,0
1779193425.312,274,6.48,-6.3,1.59,0.4224,0.003455,0
1779193425.3826,275,6.61,-6.23,1.59,0.4247,0.004841,0
1779193425.4569,276,6.59,-6.12,2.6,0.4258,0.005807,0
1779193425.5397,277,6.7,-7.28,3.33,0.4258,0.00639,0
1779193425.615,278,6.8,-8.1,3.77,0.4251,0.007124,0
1779193425.681,279,6.91,-7.77,3.39,0.4204,0.007697,0
1779193425.7521,280,7.08,-5.73,3.1,0.4221,0.007095,0
1779193425.8295,281,7.09,-5.32,2.62,0.4173,0.005717,0
1779193425.9088,282,6.96,-6.06,2.59,0.4184,0.00491,0
1779193425.9866,283,7.05,-6.65,2.64,0.4215,0.005967,0
1779193426.0683,284,7.05,-6.33,2.64,0.4251,0.005303,0
1779193426.1309,285,7.05,-6.43,2.62,0.4228,0.005923,0
1779193426.1917,286,6.96,-6.73,2.77,0.4182,0.006114,0
1779193426.257,287,6.99,-6.85,2.84,0.418,0.005815,0
1779193426.3082,288,7.17,-5.12,3.03,0.4201,0.004073,0
1779193426.3825,289,7.44,-3.55,3.03,0.4229,0.003972,0
1779193426.4672,290,7.46,-3.85,3.01,0.4241,0.003251,0
1779193426.5482,291,7.47,-4.03,3.03,0.4241,0.003164,0
1779193426.6292,292,7.5,-3.58,2.94,0.4232,0.003994,0
1779193426.7218,293,7.54,-3.65,2.86,0.4255,0.004694,0
1779193426.8248,294,7.31,-3.66,3.16,0.4149,0.00496,0
1779193426.9027,295,6.97,-3.78,3.1,0.4151,0.004641,0
1779193426.9895,296,6.68,-3.98,3.97,0.4078,0.004835,0
1779193427.0732,297,6.61,-4.62,3.68,0.4102,0.004237,0
1779193427.1409,298,6.41,-5.62,4.18,0.4115,0.003527,0
1779193427.2071,299,6.36,-5.91,4.4,0.416,0.003564,0
1779193427.2825,300,6.41,-6.12,4.6,0.4186,0.003168,0
1779193427.3598,301,6.53,-6.31,4.46,0.4251,0.002544,0
1779193427.4347,302,6.93,-6.14,4.25,0.4259,0.001953,0
1779193427.515,303,7.03,-4.83,4.3,0.4284,0.002282,0
1779193427.59,304,6.94,-4.63,4.48,0.4366,0.002536,0
1779193427.6648,305,7.04,-4.82,4.41,0.4317,0.00333,0
1779193427.7421,306,7.11,-4.31,4.11,0.4245,0.003617,0
1779193427.8168,307,7.12,-3.84,3.95,0.4269,0.003739,0
1779193427.8838,308,7.12,-3.69,4.04,0.4262,0.003837,0
1779193427.9578,309,7.18,-3.66,4.04,0.424,0.004505,0
1779193428.0287,310,7.25,-4.0,3.94,0.4211,0.00481,0
1779193428.0927,311,7.15,-4.69,3.96,0.4234,0.005369,0
1779193428.1531,312,7.12,-5.15,4.02,0.4247,0.006281,0
1779193428.2216,313,7.03,-5.69,4.15,0.4271,0.00681,0
1779193428.2923,314,7.02,-5.88,4.14,0.4285,0.006565,0
1779193428.3673,315,7.08,-5.34,4.11,0.4314,0.006652,0
1779193428.4438,316,7.2,-4.64,3.96,0.434,0.006695,0
1779193428.5234,317,7.31,-4.52,4.12,0.433,0.00646,0
1779193428.6026,318,7.19,-5.86,4.73,0.437,0.006882,0
1779193428.6752,319,7.28,-6.09,4.59,0.4331,0.007101,0
1779193428.7386,320,7.35,-6.75,5.28,0.4404,0.007464,0
1779193428.8022,321,7.26,-7.78,5.66,0.4328,0.007068,0
1779193428.8784,322,7.13,-8.83,5.49,0.4321,0.006541,0
1779193428.9542,323,7.11,-10.74,5.16,0.4298,0.006026,0
1779193429.0264,324,7.01,-12.18,5.16,0.4303,0.005282,0
1779193429.0852,325,6.98,-12.17,5.15,0.4329,0.003958,0
1779193429.149,326,6.94,-11.81,4.98,0.4323,0.003343,0
1779193429.2138,327,7.01,-11.43,4.83,0.4343,0.003289,0
1779193429.2913,328,6.98,-10.63,4.4,0.4364,0.002738,0
1779193429.3625,329,7.05,-10.71,4.45,0.4407,0.003218,0
1779193429.437,330,7.06,-10.61,4.35,0.4414,0.004356,0
1779193429.5215,331,7.08,-10.85,4.34,0.4413,0.005457,0
1779193429.6254,332,7.19,-10.65,4.14,0.4415,0.006021,0
1779193429.7084,333,7.29,-10.41,3.98,0.4411,0.006558,0
1779193429.7802,334,7.37,-10.18,3.85,0.4417,0.006333,0
1779193429.859,335,7.41,-9.94,3.9,0.4404,0.006073,0
1779193429.9401,336,7.27,-9.7,4.14,0.4416,0.00536,0
1779193430.0312,337,7.19,-9.82,4.51,0.4433,0.004957,0
1779193430.0996,338,7.22,-9.62,4.59,0.4438,0.0038,0
1779193430.1633,339,7.15,-10.36,4.73,0.4437,0.003463,0
1779193430.2314,340,7.08,-10.44,4.95,0.445,0.003829,0
1779193430.3099,341,7.21,-8.94,4.82,0.4444,0.004849,0
1779193430.3969,342,7.18,-7.88,4.68,0.4424,0.004787,0
1779193430.4666,343,7.39,-6.88,4.82,0.4429,0.005175,0
1779193430.5493,344,7.36,-7.61,5.31,0.4414,0.004966,0
1779193430.6259,345,7.05,-8.17,5.18,0.4366,0.00424,0
1779193430.7059,346,6.88,-7.5,5.37,0.4393,0.003477,0
1779193430.7908,347,6.85,-6.52,5.18,0.4358,0.003596,0
1779193430.8658,348,6.91,-5.96,4.92,0.4378,0.004141,0
1779193430.9442,349,6.93,-5.36,4.25,0.4373,0.004458,0
1779193431.016,350,6.95,-5.18,4.29,0.4331,0.004671,0
1779193431.0711,351,6.88,-5.54,4.3,0.4341,0.004848,0
1779193431.1317,352,6.6,-5.6,4.29,0.4362,0.004474,0
1779193431.1964,353,6.76,-4.96,4.48,0.4417,0.004084,0
1779193431.2684,354,6.82,-4.43,4.64,0.4407,0.003508,0
1779193431.3433,355,6.9,-4.18,4.98,0.4403,0.002838,0
1779193431.4147,356,6.78,-4.28,4.97,0.4398,0.002234,0
1779193431.4928,357,6.75,-4.53,4.49,0.4382,0.002103,0
1779193431.5753,358,6.56,-4.69,3.8,0.4398,0.002042,0
1779193431.6606,359,6.46,-5.3,3.95,0.4372,0.002208,0
1779193431.7452,360,6.69,-5.61,4.57,0.4419,0.002418,0
1779193431.8241,361,6.76,-5.72,5.09,0.4417,0.002608,0
1779193431.9065,362,6.9,-5.01,4.45,0.4425,0.003459,0
1779193431.9824,363,6.79,-5.86,4.11,0.4433,0.003268,0
1779193432.0567,364,6.66,-6.28,4.26,0.4416,0.003895,0
1779193432.1333,365,6.52,-7.17,4.54,0.4365,0.00521,0
1779193432.2004,366,6.52,-7.52,4.41,0.4374,0.005742,0
1779193432.283,367,6.58,-7.53,4.51,0.4406,0.004947,0
1779193432.3635,368,6.56,-7.12,4.74,0.4427,0.004921,0
1779193432.4672,369,6.55,-6.95,4.75,0.4421,0.004556,0
1779193432.5591,370,6.55,-6.48,4.73,0.4404,0.002954,0
1779193432.636,371,6.59,-6.32,4.58,0.438,0.002434,0
1779193432.7151,372,6.62,-5.83,4.44,0.436,0.002901,0
1779193432.7928,373,6.49,-1.06,4.3,0.4328,0.003578,0
1779193432.8713,374,6.77,9.95,4.09,0.4222,0.004414,0
1779193432.9523,375,7.43,16.89,3.5,0.4242,0.00579,0
1779193433.0298,376,7.97,25.09,6.32,0.4284,0.005899,0
1779193433.1016,377,8.04,27.43,7.0,0.4339,0.005891,0
1779193433.1669,378,8.02,27.94,7.46,0.4274,0.005934,0
1779193433.2382,379,8.01,27.88,7.56,0.4266,0.005391,0
1779193433.3086,380,7.56,27.55,7.51,0.4309,0.004492,0
1779193433.3824,381,7.64,27.48,7.18,0.4285,0.004159,0
1779193433.4638,382,7.43,26.29,7.01,0.4008,0.003794,0
1779193433.546,383,6.46,19.14,5.23,0.4237,0.003293,0
1779193433.6152,384,6.27,15.9,5.01,0.4263,0.003368,0
1779193433.683,385,6.03,12.22,4.96,0.4017,0.002935,0
1779193433.7521,386,5.75,10.39,4.95,0.3936,0.004092,0
1779193433.828,387,5.84,9.39,5.71,0.4011,0.004885,0
1779193433.9053,388,6.26,6.3,5.6,0.3962,0.00554,0
1779193433.9834,389,6.06,0.29,4.83,0.4064,0.005488,0
1779193434.0579,390,5.86,-6.7,4.59,0.4121,0.006042,0
1779193434.1236,391,5.65,-9.62,5.2,0.4131,0.004918,0
1779193434.2001,392,5.21,-13.95,6.52,0.4103,0.003847,0
1779193434.2682,393,5.13,-14.97,6.87,0.4097,0.003019,0
1779193434.3306,394,5.1,-16.0,7.16,0.4088,0.002224,0
1779193434.3981,395,5.2,-15.94,7.15,0.4092,0.002244,0
1779193434.4717,396,5.39,-15.82,7.0,0.4148,0.003277,0
1779193434.5414,397,5.56,-14.87,6.41,0.4173,0.004554,0
1779193434.6176,398,6.09,-11.52,5.9,0.4144,0.005274,0
1779193434.6927,399,6.61,-6.64,4.99,0.4143,0.005423,0
1779193434.7704,400,6.87,-6.38,5.24,0.4166,0.00497,0
1779193434.8507,401,6.93,-5.92,5.14,0.4168,0.004798,0
1779193434.9283,402,6.82,-6.58,5.22,0.4173,0.004647,0
1779193435.0158,403,7.16,-8.83,5.42,0.4203,0.003983,0
1779193435.0808,404,7.03,-9.39,5.15,0.422,0.004173,0
1779193435.136,405,6.58,-12.14,5.58,0.4313,0.005122,0
1779193435.1983,406,6.38,-13.74,5.61,0.4345,0.005273,0
1779193435.2781,407,6.14,-14.2,5.92,0.4422,0.005004,0
1779193435.3576,408,6.02,-14.46,6.41,0.4437,0.00533,0
1779193435.4338,409,6.06,-13.87,6.24,0.4434,0.005709,0
1779193435.5498,410,6.14,-13.15,5.94,0.4431,0.005225,0
1779193435.6441,411,6.17,-12.57,5.91,0.4447,0.004954,0
1779193435.7274,412,6.22,-12.7,6.09,0.4444,0.004895,0
1779193435.8256,413,5.98,-11.87,5.85,0.4443,0.004724,0
1779193435.9106,414,5.77,-10.64,5.64,0.4405,0.004357,0
1779193435.9921,415,5.2,-10.42,5.76,0.4375,0.003971,0
1779193436.0602,416,4.84,-9.7,6.36,0.4394,0.003074,0
1779193436.129,417,4.54,-9.82,6.04,0.4365,0.003067,0
1779193436.1912,418,4.53,-9.58,4.58,0.4447,0.004984,0
1779193436.2628,419,4.74,-8.93,3.91,0.431,0.006972,0
1779193436.3264,420,5.09,-8.34,3.42,0.4289,0.007857,0
1779193436.3829,421,5.26,-7.5,3.46,0.4302,0.00942,0
1779193436.4443,422,5.33,-7.05,3.52,0.4289,0.008866,0
1779193436.5131,423,5.31,-5.89,3.37,0.4319,0.006593,0
1779193436.5891,424,5.2,-5.84,3.47,0.4179,0.005998,0
1779193436.6662,425,5.21,-5.17,3.39,0.4194,0.006683,0
1779193436.7475,426,5.16,-5.72,3.5,0.4296,0.005452,0
1779193436.8362,427,5.13,-5.88,3.63,0.4298,0.006601,0
1779193436.9132,428,5.1,-6.11,3.69,0.4298,0.007836,0
1779193436.9842,429,5.21,-6.74,3.49,0.4288,0.007052,0
1779193437.0591,430,5.59,-6.41,3.37,0.4307,0.005501,0
1779193437.1259,431,5.99,-5.99,3.07,0.4273,0.005133,0
1779193437.1868,432,6.23,-6.14,3.22,0.4284,0.004455,0
1779193437.2517,433,6.56,-6.25,3.3,0.4292,0.004573,0
1779193437.3303,434,6.7,-6.05,3.51,0.4309,0.004378,0
1779193437.4069,435,6.54,-6.82,4.52,0.4333,0.004802,0
1779193437.4837,436,6.41,-7.0,4.33,0.4392,0.005756,0
1779193437.5561,437,6.34,-7.29,4.36,0.4361,0.005354,0
1779193437.6289,438,6.19,-7.5,4.41,0.437,0.004561,0
1779193437.7039,439,6.19,-7.83,4.48,0.438,0.003752,0
1779193437.7834,440,6.26,-7.1,4.26,0.4399,0.004138,0
1779193437.8624,441,6.22,-6.46,4.07,0.4383,0.004313,0
1779193437.9393,442,6.22,-6.18,3.94,0.4351,0.004856,0
1779193438.0183,443,6.18,-6.19,3.93,0.4304,0.005679,0
1779193438.0883,444,6.21,-5.99,4.06,0.4294,0.006569,0
1779193438.1411,445,6.22,-6.14,4.2,0.4292,0.005504,0
1779193438.1945,446,6.2,-5.83,4.0,0.4275,0.004586,0
1779193438.2462,447,6.3,-5.15,3.83,0.4267,0.004313,0
1779193438.3058,448,6.37,-4.26,3.72,0.4253,0.003326,0
1779193438.3865,449,6.36,-3.92,3.64,0.4238,0.003181,0
1779193438.4776,450,6.41,-3.95,3.57,0.4232,0.003069,0
1779193438.5543,451,6.42,-4.07,3.6,0.4241,0.003322,0
1779193438.6224,452,6.53,-4.16,3.48,0.426,0.00377,0
1779193438.6753,453,6.57,-4.02,3.22,0.4292,0.004122,0
1779193438.7653,454,6.55,-4.13,3.22,0.4294,0.003832,0
1779193438.8391,455,6.54,-4.49,3.28,0.4285,0.004624,0
1779193438.9169,456,6.57,-4.85,3.37,0.4285,0.004214,0
1779193438.9894,457,6.57,-4.93,3.44,0.4288,0.003443,0
1779193439.0621,458,6.58,-4.92,3.42,0.4302,0.003162,0
1779193439.1293,459,6.54,-5.18,3.43,0.4317,0.003633,0
1779193439.2059,460,6.51,-5.25,3.57,0.4326,0.003705,0
1779193439.2657,461,6.5,-5.3,3.59,0.4321,0.004419,0
1779193439.3184,462,6.5,-5.21,3.58,0.4304,0.005768,0
1779193439.371,463,6.53,-4.91,3.53,0.4298,0.005801,0
1779193439.4418,464,6.5,-4.79,3.38,0.4294,0.00485,0
1779193439.5024,465,6.46,-4.76,3.42,0.4295,0.004335,0
1779193439.5624,466,6.41,-4.77,3.53,0.4283,0.003559,0
1779193439.6187,467,6.46,-4.69,3.63,0.426,0.002012,0
1779193439.6699,468,6.56,-4.5,3.83,0.4247,0.001829,0
1779193439.7294,469,6.57,-4.39,3.83,0.4248,0.003254,0
1779193439.7797,470,6.58,-4.46,3.77,0.4269,0.003471,0
1779193439.8387,471,6.57,-4.4,3.66,0.4272,0.003283,0
1779193439.8875,472,6.54,-4.43,3.6,0.4288,0.003778,0
1779193439.948,473,6.51,-4.62,3.5,0.4297,0.004318,0
1779193440.0065,474,6.48,-4.65,3.39,0.4297,0.003574,0
1779193440.063,475,6.61,-4.12,3.87,0.4298,0.003388,0
1779193440.1144,476,6.58,-4.29,4.54,0.4292,0.004366,0
1779193440.1707,477,6.64,-2.36,4.59,0.4304,0.004354,0
1779193440.2478,478,6.71,-2.44,4.71,0.4293,0.003907,0
1779193440.3281,479,6.73,-2.54,4.88,0.4298,0.004074,0
1779193440.4175,480,6.73,-2.53,4.95,0.4299,0.004682,0
1779193440.504,481,6.75,-2.46,4.94,0.4286,0.004575,0
1779193440.583,482,6.76,-2.55,4.78,0.4281,0.00491,0
1779193440.6569,483,6.67,-2.63,4.23,0.4266,0.006203,0
1779193440.7367,484,6.75,-1.96,3.68,0.427,0.007004,0
1779193440.8202,485,6.35,-3.67,3.82,0.3496,0.006719,0
1779193440.8992,486,6.46,-5.24,3.9,0.2696,0.006991,0
1779193440.9803,487,6.57,-4.71,3.49,0.2864,0.007071,0
1779193441.0546,488,6.73,-3.66,3.11,0.3166,0.005893,0
1779193441.1185,489,6.87,-2.62,2.64,0.3038,0.00461,0
1779193441.1826,490,6.68,-2.84,1.87,0.3725,0.005044,0
1779193441.2573,491,6.26,-5.62,2.16,0.374,0.006646,0
1779193441.3392,492,5.67,-6.21,2.21,0.3899,0.008123,0
1779193441.416,493,5.31,-6.21,2.23,0.3748,0.008486,0
1779193441.4954,494,5.74,-4.84,2.32,0.3834,0.008803,0
1779193441.5693,495,6.09,-3.32,1.19,0.3929,0.008592,0
1779193441.6549,496,6.58,-1.19,-0.09,0.3987,0.006958,0
1779193441.7325,497,6.12,-3.39,-2.71,0.3921,0.005689,0
1779193441.8054,498,6.05,-4.64,-1.22,0.4088,0.005216,0
1779193441.9162,499,6.0,-6.91,-0.2,0.3573,0.007484,0
1779193442.038,500,7.42,-7.67,-1.01,0.3478,0.007337,0
1779193442.1311,501,8.58,-8.6,-1.32,0.3587,0.008827,0
1779193442.2286,502,8.89,-10.65,-3.26,0.3793,0.009227,0
1779193442.3422,503,8.66,-8.04,-5.74,0.3752,0.009747,0
1779193442.4238,504,7.63,-5.6,-5.32,0.4074,0.008891,0
1779193442.5012,505,8.29,-6.72,-4.22,0.4087,0.010669,0
1779193442.5766,506,8.41,-8.17,-4.6,0.4017,0.011741,0
1779193442.6613,507,7.79,-8.03,-4.43,0.3974,0.011432,0
1779193442.7445,508,8.37,-7.92,-3.87,0.3921,0.010676,0
1779193442.8163,509,8.37,-8.68,-2.29,0.3968,0.009004,0
1779193442.8871,510,8.36,-8.0,-3.27,0.4123,0.006365,0
1779193442.9678,511,7.17,-9.05,-2.77,0.3954,0.003187,0
1779193443.0408,512,6.31,-8.93,-2.6,0.3975,0.002407,0
1779193443.1035,513,6.48,-6.02,-1.47,0.3958,0.003836,0
1779193443.1676,514,6.68,-5.84,-1.74,0.3933,0.004414,0
1779193443.2389,515,6.4,-7.76,-1.19,0.358,0.004416,0
1779193443.3148,516,6.09,-7.28,-1.11,0.2611,0.003945,0
1779193443.3751,517,6.2,-7.39,-0.63,0.2814,0.004092,0
1779193443.4498,518,4.21,-15.59,0.95,0.3353,0.003525,0
1779193443.5269,519,3.74,-18.25,1.77,0.3418,0.003818,0
1779193443.6167,520,3.25,-17.97,3.85,0.3621,0.003937,0
1779193443.7102,521,2.93,-16.39,3.95,0.3655,0.004666,0
1779193443.7729,522,2.96,-12.15,2.09,0.3785,0.00433,0
1779193443.8415,523,2.92,-7.99,0.75,0.3794,0.004443,0
1779193443.9173,524,2.68,-4.61,-0.83,0.3798,0.003485,0
1779193443.9915,525,1.98,-1.72,-0.54,0.3867,0.004342,0
1779193444.0647,526,2.03,-1.95,-0.69,0.3752,0.004377,0
1779193444.1288,527,1.7,-0.79,-1.05,0.3721,0.00468,0
1779193444.1968,528,1.89,1.02,-1.05,0.3684,0.004186,0
1779193444.269,529,1.47,0.21,-0.66,0.3775,0.004384,0
1779193444.3468,530,1.72,0.06,0.04,0.3815,0.003772,0
1779193444.43,531,1.79,0.09,0.27,0.3835,0.003567,0
1779193444.5697,532,2.26,0.62,-0.66,0.3857,0.003082,0
1779193444.6806,533,3.82,-1.38,0.31,0.3709,0.003194,0
1779193444.7574,534,4.52,-3.06,0.1,0.3621,0.003189,0
1779193444.8114,535,5.55,-2.13,0.85,0.3861,0.004278,0
1779193444.8687,536,6.05,-2.47,1.65,0.3756,0.005032,0
1779193444.9347,537,6.26,-3.66,1.67,0.3897,0.005757,0
1779193445.0325,538,6.59,-1.92,2.03,0.4043,0.005299,0
1779193445.1041,539,6.66,-0.96,2.09,0.4067,0.004835,0
1779193445.1683,540,6.87,-0.49,1.95,0.4046,0.003786,0
1779193445.2362,541,6.88,-0.87,1.63,0.4069,0.00313,0
1779193445.3121,542,7.0,-1.82,1.61,0.4067,0.003192,0
1779193445.3828,543,6.84,-2.86,1.72,0.4047,0.003808,0
1779193445.4535,544,6.69,-2.68,1.75,0.4018,0.00479,0
1779193445.5229,545,6.59,-2.23,2.11,0.412,0.007927,0
1779193445.6048,546,6.13,-1.95,2.04,0.4045,0.00909,0
1779193445.6834,547,6.08,-1.97,2.09,0.4051,0.008852,0
1779193445.7535,548,5.77,-2.53,2.14,0.404,0.009057,0
1779193445.8266,549,5.82,-0.61,2.12,0.4084,0.008781,0
1779193445.9056,550,5.73,-0.1,2.7,0.416,0.007339,0
1779193445.9621,551,6.02,-0.92,2.7,0.4007,0.007951,0
1779193446.0109,552,6.13,-0.55,2.08,0.4115,0.009576,0
1779193446.0667,553,6.18,0.21,2.47,0.4146,0.009108,0
1779193446.1141,554,6.15,1.09,2.24,0.417,0.008675,0
1779193446.1683,555,6.06,2.25,1.86,0.4095,0.008077,0
1779193446.2225,556,6.15,1.99,1.9,0.4068,0.00629,0
1779193446.2768,557,6.29,2.04,1.55,0.4087,0.004426,0
1779193446.3356,558,6.42,0.66,1.66,0.4093,0.005075,0
1779193446.3873,559,7.05,-1.01,1.73,0.4006,0.004749,0
1779193446.4464,560,7.26,-2.39,2.28,0.4039,0.003834,0
1779193446.5163,561,7.56,-1.1,2.04,0.3979,0.003932,0
1779193446.594,562,8.1,0.01,1.14,0.3893,0.003919,0
1779193446.6836,563,8.39,0.41,1.16,0.3965,0.003166,0
1779193446.7569,564,8.53,0.17,1.41,0.3929,0.00354,0
1779193446.834,565,9.0,-0.9,2.16,0.3391,0.003852,0
1779193446.9163,566,9.87,-0.06,0.8,0.2842,0.003841,0
1779193447.02,567,9.91,-1.43,0.71,0.296,0.003517,0
1779193447.0898,568,9.21,-3.26,-0.7,0.3347,0.00447,0
1779193447.1548,569,9.1,-2.42,-1.36,0.3601,0.005082,0
1779193447.2278,570,8.82,-1.74,-0.66,0.3903,0.004904,0
1779193447.3005,571,8.09,-3.67,-1.39,0.3969,0.005399,0
1779193447.3764,572,6.55,-1.85,-2.7,0.381,0.005602,0
1779193447.4806,573,7.0,0.7,-4.63,0.3852,0.004228,0
1779193447.5791,574,6.75,4.47,-5.37,0.3873,0.003734,0
1779193447.644,575,6.27,5.49,-6.72,0.3876,0.003418,0
1779193447.7266,576,6.28,6.38,-7.51,0.3917,0.003066,0
1779193447.8425,577,6.23,6.09,-7.65,0.3794,0.004116,0
1779193447.9107,578,6.13,5.05,-7.29,0.3803,0.0054,0
1779193447.9806,579,6.15,5.12,-6.88,0.3809,0.0057,0
1779193448.0554,580,5.73,4.11,-6.99,0.3812,0.005676,0
1779193448.1236,581,5.77,1.53,-7.02,0.3884,0.00533,0
1779193448.1868,582,6.03,1.17,-7.02,0.3563,0.004384,0
1779193448.2551,583,6.13,1.89,-6.65,0.3272,0.003233,0
1779193448.3278,584,6.39,1.91,-6.67,0.3167,0.002634,0
1779193448.4042,585,6.48,1.46,-6.66,0.3299,0.002941,0
1779193448.4752,586,6.25,0.52,-5.66,0.3448,0.002782,0
1779193448.5391,587,6.33,-0.16,-4.37,0.372,0.003265,0
1779193448.6124,588,6.35,-0.08,-2.63,0.3957,0.003028,0
1779193448.6846,589,6.59,-1.13,-2.43,0.3893,0.003715,0
1779193448.756,590,6.63,-2.05,-2.08,0.319,0.003104,0
1779193448.8418,591,6.53,-5.14,-1.85,0.2786,0.003586,0
1779193448.9197,592,6.23,-5.36,-1.78,0.3027,0.00285,0
1779193449.0032,593,6.51,-4.92,-1.36,0.3506,0.003712,0
1779193449.0733,594,6.81,-4.36,-0.91,0.3772,0.002738,0
1779193449.1363,595,7.39,-4.97,1.14,0.3902,0.003526,0
1779193449.2004,596,7.96,-5.76,1.59,0.4054,0.003415,0
1779193449.2704,597,8.02,-7.29,1.99,0.4093,0.003422,0
1779193449.3508,598,7.88,-8.54,2.38,0.4147,0.002491,0
1779193449.4274,599,7.51,-9.6,2.73,0.419,0.002432,0
1779193449.4994,600,6.94,-9.77,3.28,0.4256,0.001964,0
1779193449.5771,601,6.29,-9.63,3.97,0.42,0.00174,0
1779193449.6619,602,6.21,-8.35,2.95,0.4158,0.00287,0
1779193449.7473,603,6.05,-8.26,2.96,0.4171,0.005703,0
1779193449.8254,604,6.19,-8.02,2.71,0.4153,0.007206,0
1779193449.9033,605,6.02,-7.94,3.27,0.4146,0.008071,0
1779193449.9917,606,6.14,-7.03,4.04,0.4106,0.009626,0
1779193450.0783,607,5.56,-4.38,4.11,0.4096,0.010139,0
1779193450.1464,608,5.72,-4.48,4.7,0.4112,0.007818,0
1779193450.215,609,5.57,-4.81,5.18,0.4145,0.007115,0
1779193450.2884,610,5.61,-4.93,5.04,0.4174,0.007384,0
1779193450.3549,611,5.51,-4.41,5.4,0.4186,0.007335,0
1779193450.4312,612,5.09,-4.87,5.39,0.4195,0.007947,0
1779193450.4934,613,4.91,-3.19,5.58,0.4108,0.009752,0
1779193450.5842,614,4.94,-2.45,6.23,0.4124,0.009995,0
1779193450.6347,615,4.98,-1.96,5.55,0.4186,0.00935,0
1779193450.7116,616,5.31,-2.52,4.93,0.4209,0.008055,0
1779193450.789,617,5.46,-2.81,4.84,0.4211,0.006118,0
1779193450.8549,618,5.57,-3.09,5.35,0.4108,0.004016,0
1779193450.9322,619,5.48,-1.97,5.59,0.4103,0.004121,0
1779193451.0207,620,5.31,1.2,6.31,0.4074,0.004827,0
1779193451.0903,621,5.63,7.8,6.22,0.3727,0.005188,0
1779193451.1558,622,5.85,10.15,6.17,0.373,0.00472,0
1779193451.2192,623,5.95,11.56,6.1,0.379,0.004997,0
1779193451.2925,624,6.09,10.91,6.78,0.3853,0.004888,0
1779193451.3701,625,6.18,14.28,7.35,0.3838,0.004307,0
1779193451.456,626,6.4,14.77,7.0,0.3913,0.003413,0
1779193451.5291,627,6.69,15.77,7.47,0.4069,0.003711,0
1779193451.6085,628,6.88,15.82,8.05,0.4236,0.003186,0
1779193451.689,629,6.79,16.04,7.02,0.4179,0.002752,0
1779193451.7735,630,6.71,16.44,7.17,0.4174,0.003428,0
1779193451.8488,631,6.68,16.45,7.22,0.4147,0.005489,0
1779193451.9279,632,6.48,14.95,7.39,0.4192,0.006405,0
1779193452.0099,633,5.92,12.59,6.61,0.4172,0.006547,0
1779193452.0836,634,5.67,10.96,6.55,0.4113,0.006557,0
1779193452.1474,635,5.36,9.44,6.45,0.4021,0.005818,0
1779193452.2159,636,5.21,10.02,6.57,0.4207,0.004883,0
1779193452.2932,637,4.86,8.72,5.71,0.4284,0.004887,0
1779193452.3688,638,4.77,11.72,6.46,0.4257,0.005037,0
1779193452.4486,639,5.0,13.36,6.63,0.4186,0.005062,0
1779193452.5269,640,5.15,16.31,5.81,0.4333,0.0044,0
1779193452.6064,641,5.21,16.6,4.88,0.4297,0.003277,0
1779193452.6605,642,5.17,14.67,4.75,0.4368,0.002199,0
1779193452.7221,643,5.17,13.46,5.19,0.4124,0.002617,0
1779193452.8031,644,4.66,11.66,5.01,0.4074,0.002123,0
1779193452.8855,645,3.88,4.32,3.3,0.3887,0.00234,0
1779193452.9619,646,4.02,2.31,3.75,0.4002,0.002281,0
1779193453.0317,647,4.47,-0.05,3.85,0.3996,0.002161,0
1779193453.1011,648,5.01,-3.8,3.24,0.4052,0.001397,0
1779193453.1731,649,4.79,-7.92,3.86,0.403,0.001726,0
1779193453.2439,650,5.28,-11.52,3.85,0.4029,0.002446,0
1779193453.3135,651,5.51,-14.43,4.58,0.335,0.003618,0
1779193453.3844,652,5.58,-13.03,3.49,0.2525,0.004727,0
1779193453.4461,653,5.77,-12.03,3.17,0.2679,0.005927,0
1779193453.5578,654,6.06,-9.58,2.55,0.3106,0.00673,0
1779193453.637,655,5.81,-5.59,1.69,0.3501,0.006571,0
1779193453.7215,656,5.56,-4.74,2.37,0.3714,0.00604,0
1779193453.8268,657,5.58,0.38,2.57,0.3688,0.005375,0
1779193453.9011,658,6.04,7.54,2.85,0.3856,0.004289,0
1779193453.9659,659,6.03,10.78,3.58,0.395,0.00361,0
1779193454.0447,660,6.02,14.24,3.82,0.3997,0.002587,0
1779193454.1157,661,5.93,13.98,2.49,0.4033,0.002324,0
1779193454.1793,662,5.85,15.25,2.84,0.4049,0.002285,0
1779193454.2529,663,5.7,16.4,3.02,0.4136,0.002573,0
1779193454.3254,664,5.75,18.25,3.07,0.4154,0.003507,0
1779193454.4049,665,6.13,20.98,3.97,0.4075,0.00454,0
1779193454.4867,666,6.12,22.97,5.17,0.4012,0.004566,0
1779193454.5706,667,6.19,24.02,5.65,0.4046,0.005476,0
1779193454.6549,668,6.44,24.53,5.39,0.4044,0.006496,0
1779193454.7344,669,6.23,24.53,5.5,0.3999,0.005886,0
1779193454.8236,670,6.05,24.14,5.11,0.3965,0.005158,0
1779193454.8982,671,6.01,23.89,4.73,0.4033,0.005115,0
1779193454.9743,672,5.41,20.08,4.34,0.402,0.00426,0
1779193455.0465,673,5.44,15.36,3.42,0.3872,0.003161,0
1779193455.1152,674,5.07,10.78,4.26,0.3889,0.002577,0
1779193455.1802,675,5.07,3.26,3.38,0.3886,0.002652,0
1779193455.2481,676,4.97,-2.89,3.25,0.3985,0.002809,0
1779193455.3213,677,5.07,-6.96,3.79,0.3937,0.002629,0
1779193455.3918,678,4.8,-10.4,4.48,0.3978,0.002793,0
1779193455.4662,679,4.54,-14.1,5.56,0.3955,0.002984,0
1779193455.5428,680,4.68,-13.18,5.51,0.4007,0.002883,0
1779193455.6199,681,4.76,-13.73,5.65,0.4005,0.002485,0
1779193455.6956,682,4.82,-12.77,5.51,0.4061,0.002579,0
1779193455.7695,683,4.8,-12.63,5.49,0.4179,0.002463,0
1779193455.8469,684,4.91,-5.65,3.83,0.4117,0.002355,0
1779193455.9275,685,4.99,-2.31,3.84,0.4062,0.002555,0
1779193455.9993,686,4.98,2.6,5.43,0.3944,0.00307,0
1779193456.0751,687,5.04,5.9,5.81,0.3941,0.003101,0
1779193456.1408,688,5.61,11.49,6.23,0.3997,0.003532,0
1779193456.213,689,5.74,14.27,6.65,0.4114,0.00353,0
1779193456.2945,690,5.74,16.18,6.18,0.4148,0.003478,0
1779193456.3628,691,5.78,17.11,5.39,0.4125,0.003165,0
1779193456.4364,692,5.76,18.16,5.12,0.4178,0.003019,0
1779193456.5157,693,5.53,18.74,5.0,0.4197,0.002338,0
1779193456.6136,694,5.36,18.74,5.1,0.4236,0.002201,0
1779193456.6897,695,5.3,19.05,4.92,0.4222,0.001952,0
1779193456.7677,696,5.4,19.06,5.48,0.4163,0.001997,0
1779193456.8497,697,5.66,19.42,6.35,0.42,0.002036,0
1779193456.931,698,5.47,17.12,6.1,0.4067,0.001982,0
1779193457.0064,699,5.42,11.51,5.79,0.41,0.001967,0
1779193457.075,700,4.55,1.42,5.13,0.4137,0.002353,0
1779193457.1396,701,4.78,-2.4,5.07,0.4186,0.002938,0
1779193457.2069,702,5.16,-3.62,5.2,0.4091,0.002822,0
1779193457.2813,703,5.47,-7.31,6.12,0.4223,0.00283,0
1779193457.3532,704,5.41,-6.83,6.25,0.4136,0.003032,0
1779193457.4305,705,5.37,-6.3,6.52,0.416,0.002667,0
1779193457.5063,706,5.41,-5.79,6.71,0.4124,0.00211,0
1779193457.5796,707,5.4,-5.42,6.7,0.4178,0.00284,0
1779193457.6547,708,5.54,-5.07,6.55,0.42,0.003865,0
1779193457.7274,709,5.67,-4.76,6.49,0.4194,0.004273,0
1779193457.7836,710,5.94,-0.98,6.48,0.4238,0.004997,0
1779193457.8584,711,5.95,0.94,7.23,0.3891,0.005006,0
1779193457.942,712,6.67,10.16,7.79,0.4008,0.004191,0
1779193458.0156,713,7.15,14.38,7.27,0.4115,0.003239,0
1779193458.0997,714,7.36,13.85,7.04,0.4087,0.002838,0
1779193458.1785,715,7.15,14.64,6.97,0.411,0.002463,0
1779193458.2497,716,7.17,15.84,6.81,0.4206,0.002274,0
1779193458.3202,717,7.44,17.76,6.37,0.4282,0.002536,0
1779193458.3952,718,7.69,19.52,6.27,0.4267,0.002957,0
1779193458.4712,719,7.8,20.86,6.63,0.4165,0.003316,0
1779193458.5452,720,7.8,21.3,6.97,0.4201,0.003126,0
1779193458.6227,721,7.71,21.24,7.03,0.4205,0.003161,0
1779193458.7055,722,7.74,21.33,6.87,0.4249,0.003985,0
1779193458.7869,723,7.82,21.56,7.01,0.4273,0.005175,0
1779193458.8475,724,7.45,18.5,7.91,0.4379,0.005085,0
1779193458.9128,725,6.87,15.27,7.95,0.4252,0.004909,0
1779193458.9943,726,6.27,11.33,7.35,0.4228,0.004631,0
1779193459.0632,727,6.35,11.09,7.32,0.4027,0.003967,0
1779193459.1342,728,6.25,10.62,7.3,0.3987,0.003365,0
1779193459.2032,729,6.36,10.14,7.13,0.3998,0.00342,0
1779193459.277,730,6.24,9.05,7.7,0.3893,0.004495,0
1779193459.3539,731,5.81,6.92,7.05,0.3978,0.005113,0
1779193459.4315,732,6.18,7.49,6.85,0.4027,0.004945,0
1779193459.5002,733,6.4,8.68,6.57,0.4053,0.004436,0
1779193459.5774,734,6.32,8.71,6.22,0.4069,0.003849,0
1779193459.6567,735,6.42,10.49,5.49,0.4118,0.002736,0
1779193459.7457,736,6.39,11.38,4.74,0.4066,0.002985,0
1779193459.8379,737,6.68,12.55,4.36,0.3968,0.002864,0
1779193459.9349,738,6.92,13.84,4.11,0.4173,0.00227,0
1779193460.0035,739,7.78,17.95,4.32,0.4481,0.002573,0
1779193460.0695,740,8.94,22.76,5.1,0.4359,0.005104,0
1779193460.1367,741,9.73,26.03,5.53,0.4149,0.006047,0
1779193460.2058,742,9.96,27.09,6.45,0.4224,0.076889,0
1779193460.2956,743,9.59,27.08,6.46,0.4167,0.077177,0
1779193460.3953,744,9.54,27.53,6.45,0.4137,0.076742,0
1779193460.4744,745,9.36,27.22,6.0,0.41,0.074753,0
1779193460.5549,746,9.36,26.76,5.68,0.4019,0.073318,0
1779193460.6379,747,9.09,24.0,5.27,0.4084,0.002237,0
1779193460.715,748,8.62,22.88,5.28,0.4182,0.001783,0
1779193460.789,749,8.78,21.8,5.79,0.4024,0.001768,0
1779193460.8609,750,8.51,20.32,6.27,0.4091,0.001077,0
1779193460.9691,751,8.17,16.93,5.91,0.4229,0.000863,0
1779193461.0464,752,8.38,17.51,7.15,0.4286,0.000898,0
1779193461.1221,753,8.43,14.05,6.96,0.4346,0.000845,0
1779193461.1876,754,7.57,11.33,8.16,0.4272,0.000907,0
1779193461.2515,755,6.35,5.09,10.06,0.2809,0.001712,0
1779193461.3269,756,7.72,8.05,13.95,0.3076,0.001565,0
1779193461.406,757,-171.24,-1.27,6.96,0.2774,0.002018,0
1779193461.4863,758,-170.69,0.57,7.61,0.2963,0.002378,0
1779193461.5649,759,-170.19,2.23,8.31,0.2717,0.003223,0
1779193461.6464,760,-168.12,1.89,12.0,0.2712,0.00325,0
1779193461.7236,761,-166.48,1.16,13.28,0.3079,0.003786,0
1779193461.8264,762,-165.71,-1.02,12.29,0.2643,0.003557,0
1779193461.8841,763,-165.42,-2.07,12.95,0.2804,0.003902,0
1779193461.9924,764,-164.49,-3.08,12.5,0.2329,0.003585,0
1779193462.0667,765,-164.11,-2.41,12.55,0.2644,0.002972,0
1779193462.1297,766,-163.59,-5.63,8.83,0.3024,0.002438,0
1779193462.1922,767,-165.42,-7.51,7.49,0.3746,0.002376,0
1779193462.2715,768,13.59,8.29,12.21,0.3768,0.001739,0
1779193462.3474,769,12.3,6.39,9.25,0.3835,0.001712,0
1779193462.4691,770,11.21,7.02,7.05,0.4066,0.001671,0
1779193462.552,771,11.04,7.93,5.94,0.3972,0.002197,0
1779193462.631,772,10.91,9.73,5.33,0.4012,0.002107,0
1779193462.7383,773,10.76,9.53,5.18,0.4013,0.002429,0
1779193462.8213,774,9.57,7.03,5.13,0.4146,0.001886,0
1779193462.9021,775,8.13,4.08,4.97,0.402,0.001967,0
1779193462.9828,776,7.34,2.98,4.71,0.411,0.001849,0
1779193463.0621,777,5.82,1.96,5.1,0.4078,0.002445,0
1779193463.1268,778,5.32,2.83,5.48,0.4068,0.003026,0
1779193463.1909,779,6.03,7.7,5.58,0.3889,0.003239,0
1779193463.2653,780,6.43,8.66,5.64,0.3875,0.003184,0
1779193463.344,781,6.84,9.56,5.41,0.3903,0.003096,0
1779193463.4163,782,7.11,9.85,5.01,0.3992,0.002638,0
1779193463.4975,783,7.13,8.92,4.78,0.4035,0.00214,0
1779193463.5769,784,7.42,9.07,4.61,0.4037,0.002311,0
1779193463.6527,785,7.48,9.09,4.37,0.4093,0.002338,0
1779193463.7321,786,7.51,9.06,4.34,0.4185,0.002052,0
1779193463.8063,787,7.65,9.05,4.59,0.4107,0.002104,0
1779193463.8853,788,8.02,10.75,4.4,0.4044,0.001964,0
1779193463.9743,789,7.95,9.7,4.2,0.3981,0.001613,0
1779193464.0507,790,7.92,9.19,4.13,0.3993,0.001519,0
1779193464.1176,791,7.93,9.05,4.12,0.4094,0.001515,0
1779193464.1864,792,7.92,9.42,4.16,0.4157,0.001322,0
1779193464.2627,793,8.0,10.52,4.45,0.4247,0.001387,0
1779193464.3365,794,8.09,10.27,4.78,0.4283,0.0013,0
1779193464.4121,795,8.29,10.25,5.7,0.4135,0.001744,0
1779193464.4878,796,8.31,10.8,5.74,0.4085,0.002018,0
1779193464.5651,797,9.0,10.85,6.02,0.3908,0.002231,0
1779193464.6346,798,9.17,11.38,6.71,0.3976,0.002937,0
1779193464.7137,799,9.33,12.76,7.52,0.3463,0.003299,0
1779193464.7927,800,8.63,8.98,10.22,0.3321,0.003733,0
1779193464.868,801,-171.95,6.42,-0.14,0.2987,0.003631,0
1779193464.9489,802,-170.88,7.62,-0.53,0.3153,0.003386,0
1779193465.0283,803,-170.2,4.74,1.86,0.3188,0.002324,0
1779193465.0982,804,11.92,9.23,15.25,0.2991,0.002402,0
1779193465.1619,805,11.81,9.79,14.15,0.3173,0.001312,0
1779193465.2311,806,11.95,10.13,14.13,0.2946,0.001039,0
1779193465.3178,807,-170.72,10.88,-0.15,0.3634,0.000993,0
1779193465.3914,808,-170.98,11.41,-1.11,0.3924,0.001069,0
1779193465.4724,809,12.23,14.51,12.85,0.4048,0.000607,0
1779193465.5476,810,11.68,13.02,13.34,0.42,0.000633,0
1779193465.6559,811,10.77,10.0,13.55,0.4085,0.000749,0
1779193465.7338,812,10.41,8.01,12.87,0.4245,0.000735,0
1779193465.8122,813,9.92,5.13,11.85,0.4096,0.001215,0
1779193465.9155,814,9.44,4.63,12.16,0.4099,0.001378,0
1779193466.0057,815,9.39,4.64,11.18,0.4009,0.001494,0
1779193466.0751,816,9.32,4.56,11.02,0.4066,0.001639,0
1779193466.1392,817,9.26,2.88,10.02,0.3984,0.001713,0
1779193466.2059,818,9.18,2.08,9.59,0.3946,0.001351,0
1779193466.2792,819,9.01,0.81,9.47,0.404,0.001854,0
1779193466.3497,820,8.92,-1.35,8.96,0.4114,0.001742,0
1779193466.4277,821,8.8,-2.31,7.46,0.4055,0.00163,0
1779193466.5156,822,8.37,-3.99,7.65,0.4046,0.001858,0
1779193466.5962,823,7.97,-2.6,7.13,0.4097,0.002295,0
1779193466.6812,824,7.93,-2.35,6.76,0.4051,0.001581,0
1779193466.7615,825,7.81,-1.57,6.79,0.3914,0.001728,0
1779193466.8382,826,7.92,0.08,6.12,0.4077,0.00183,0
1779193466.9118,827,7.84,0.35,6.19,0.4085,0.001663,0
1779193466.9892,828,7.66,0.05,5.94,0.4235,0.001627,0
1779193467.0649,829,7.69,-0.68,6.46,0.4123,0.002298,0
1779193467.1303,830,7.64,-0.78,6.5,0.3987,0.003173,0
1779193467.1949,831,7.83,-3.15,6.49,0.3982,0.003052,0
1779193467.2639,832,8.71,-2.14,5.92,0.3996,0.003253,0
1779193467.3346,833,8.98,-1.78,5.58,0.3999,0.003207,0
1779193467.4103,834,8.99,-0.65,5.83,0.4058,0.00279,0
1779193467.4869,835,9.01,-0.91,5.79,0.4087,0.001895,0
1779193467.5532,836,9.28,-0.32,5.75,0.4036,0.002772,0
1779193467.6281,837,9.61,-0.32,5.94,0.4037,0.003359,0
1779193467.7294,838,9.6,-0.39,5.7,0.4101,0.003461,0
1779193467.8463,839,9.52,-3.18,6.06,0.4109,0.00376,0
1779193467.9281,840,9.48,-1.66,6.39,0.4021,0.004354,0
1779193468.0069,841,9.5,-2.85,6.4,0.4089,0.003658,0
1779193468.0797,842,9.6,-4.31,6.39,0.4126,0.002909,0
1779193468.1396,843,9.45,-4.15,6.42,0.4179,0.002612,0
1779193468.2059,844,9.4,-6.92,7.02,0.428,0.003225,0
1779193468.2799,845,9.44,-6.57,6.43,0.4198,0.002959,0
1779193468.3559,846,9.27,-8.58,6.88,0.4108,0.002924,0
1779193468.4494,847,9.02,-9.31,6.53,0.4157,0.003128,0
1779193468.5356,848,9.03,-8.21,6.47,0.4034,0.003149,0
1779193468.6182,849,8.73,-7.95,6.4,0.4107,0.002258,0
1779193468.699,850,8.71,-7.41,6.38,0.4086,0.001837,0
1779193468.7789,851,8.63,-7.03,6.16,0.408,0.001761,0
1779193468.871,852,8.18,-6.62,6.51,0.402,0.001574,0
1779193468.9541,853,8.15,-6.17,7.13,0.4122,0.001591,0
1779193469.0233,854,8.12,-6.39,6.99,0.4083,0.002434,0
1779193469.0907,855,7.39,-7.67,6.92,0.4082,0.003744,0
1779193469.1561,856,7.17,-7.22,7.15,0.4008,0.005553,0
1779193469.2213,857,6.77,-8.78,6.87,0.3959,0.006257,0
1779193469.2851,858,6.5,-8.43,6.43,0.3945,0.007786,0
1779193469.357,859,6.42,-8.27,6.49,0.3995,0.008352,0
1779193469.4319,860,6.39,-7.63,6.31,0.4013,0.010298,0
1779193469.5141,861,6.47,-6.54,6.15,0.4039,0.012013,0
1779193469.5891,862,6.51,-6.22,5.98,0.4068,0.015789,0
1779193469.674,863,6.42,-8.85,7.18,0.3981,0.018597,0
1779193469.7468,864,6.05,-9.55,8.29,0.4029,0.091514,0
1779193469.8197,865,6.47,-8.55,9.24,0.4054,0.089386,0
1779193469.8944,866,5.74,-11.33,9.84,0.4376,0.085974,0
1779193469.9772,867,5.7,-10.58,10.51,0.4263,0.089703,0
1779193470.0684,868,5.34,-11.42,10.72,0.4153,0.087125,0
1779193470.1526,869,5.29,-10.68,10.9,0.4104,0.017503,0
1779193470.2447,870,4.88,-11.04,11.06,0.4002,0.018318,0
1779193470.3439,871,5.31,-7.43,11.49,0.38,0.019225,0
1779193470.4424,872,-171.09,-21.49,-4.96,0.3981,0.011885,1
1779193470.5423,873,4.35,-6.15,10.91,0.3917,0.010065,1
1779193470.6545,874,4.04,-4.48,9.94,0.4003,0.005872,1
1779193470.8056,875,3.53,-2.5,8.7,0.3917,0.005565,1
1779193470.9163,876,3.49,-1.05,9.0,0.3851,0.004888,1
1779193471.0444,877,3.19,-1.59,9.03,0.4064,0.00434,1
1779193471.1706,878,3.36,-1.58,9.56,0.4057,0.004801,1
1779193471.239,879,3.69,-0.86,9.3,0.4169,0.004824,1
1779193471.3279,880,2.24,-3.12,8.48,0.3929,0.004559,1
1779193471.4558,881,1.85,1.31,5.84,0.4055,0.00556,1
1779193471.5934,882,1.73,1.15,4.82,0.3897,0.006279,1
1779193471.6812,883,2.28,3.77,2.75,0.4076,0.012748,1
1779193471.8107,884,2.09,1.74,2.21,0.4114,0.016171,1
1779193471.9064,885,2.31,0.16,0.14,0.4027,0.023921,1
1779193471.9845,886,2.88,1.38,-1.28,0.3867,0.025539,1
1779193472.0741,887,2.57,-0.22,-1.76,0.3986,0.026579,1
1779193472.1458,888,3.13,0.54,-1.56,0.3943,0.021715,1
1779193472.2127,889,3.77,6.55,-3.23,0.3962,0.020774,1
1779193472.2904,890,3.4,19.83,-3.48,0.3966,0.013897,1
1779193472.3651,891,0.63,33.81,-6.35,0.3748,0.014523,1
1779193472.4375,892,-0.11,41.68,-5.04,0.3902,0.013112,1
1779193472.5241,893,-0.87,46.9,-3.46,0.4084,0.012099,1
1779193472.6113,894,-3.16,52.04,-3.08,0.3907,0.009372,1
1779193472.6879,895,155.24,47.59,-30.63,0.4226,0.00976,1
1779193472.7683,896,-6.67,48.98,-6.65,0.377,0.009941,1
1779193472.84,897,-8.71,47.02,-9.1,0.3866,0.010598,1
1779193472.9089,898,-10.01,44.91,-13.54,0.3823,0.009293,1
1779193472.9808,899,-9.31,44.94,-12.4,0.4086,0.011484,1
1779193473.0537,900,154.44,42.26,-38.16,0.4453,0.010751,1
1779193473.1209,901,-5.45,48.65,-10.14,0.3591,0.009117,1
1779193473.1817,902,-4.65,50.0,-10.3,0.3669,0.012412,1
1779193473.2573,903,-5.28,50.94,-11.95,0.3342,0.012629,1
1779193473.3276,904,-4.76,52.19,-11.41,0.3344,0.012849,1
1779193473.3909,905,-4.48,52.09,-11.75,0.3219,0.013123,1
1779193473.4682,906,-3.89,52.23,-11.41,0.3431,0.011513,1
1779193473.5466,907,-4.82,51.32,-12.93,0.33,0.008126,1
1779193473.6232,908,-3.85,51.69,-12.24,0.3482,0.010111,1
1779193473.6954,909,-3.71,51.36,-12.25,0.3622,0.00905,1
1779193473.7715,910,-4.42,51.43,-12.73,0.3544,0.007984,1
1779193473.8434,911,-4.72,51.45,-12.28,0.3405,0.008751,1
1779193473.9153,912,-1.27,53.89,-9.09,0.369,0.008711,1
1779193473.9903,913,-2.12,53.0,-9.74,0.3537,0.00952,1
1779193474.0645,914,-2.45,52.23,-10.33,0.3529,0.009908,1
1779193474.1303,915,-4.08,52.75,-11.52,0.3284,0.010739,1
1779193474.1944,916,-4.02,53.05,-10.64,0.3791,0.01097,1
1779193474.2688,917,-7.58,53.18,-13.08,0.4021,0.010274,1
1779193474.3427,918,-8.8,51.23,-11.62,0.3763,0.007709,1
1779193474.4318,919,-5.8,50.9,-7.45,0.3912,0.0069,1
1779193474.5523,920,-4.15,53.26,-8.6,0.2656,0.00561,1
1779193474.6362,921,0.0,0.0,0.0,0.0,0.00534,1
1779193474.708,922,0.0,0.0,0.0,0.0,0.005176,1
1779193474.7903,923,0.0,0.0,0.0,0.0,0.005662,1
1779193474.8782,924,0.0,0.0,0.0,0.0,0.005751,1
1779193474.9847,925,0.0,0.0,0.0,0.0,0.006801,1
1779193475.0648,926,0.0,0.0,0.0,0.0,0.0078,1
1779193475.1279,927,0.0,0.0,0.0,0.0,0.008403,1
1779193475.1919,928,0.0,0.0,0.0,0.0,0.007731,1
1779193475.264,929,0.0,0.0,0.0,0.0,0.00714,1
1779193475.3362,930,0.0,0.0,0.0,0.0,0.005895,1
1779193475.4105,931,0.0,0.0,0.0,0.0,0.004342,1
1779193475.4853,932,2.86,50.72,-2.8,0.3658,0.004099,1
1779193475.5622,933,-1.5,45.1,-8.19,0.3167,0.004376,1
1779193475.6394,934,-2.54,39.68,-12.72,0.3511,0.003783,1
1779193475.7185,935,-2.6,37.88,-13.03,0.3839,0.003841,1
1779193475.7955,936,-1.49,37.93,-11.33,0.3815,0.004084,1
1779193475.8737,937,-0.72,39.76,-10.09,0.3727,0.003264,1
1779193475.9445,938,2.33,39.01,-5.79,0.4011,0.00378,1
1779193476.0162,939,1.24,36.37,-4.82,0.4014,0.00411,1
1779193476.0841,940,1.04,33.77,-4.9,0.4043,0.004638,1
1779193476.146,941,0.34,31.87,-5.16,0.3889,0.004435,1
1779193476.2151,942,0.87,29.55,-6.52,0.4096,0.005449,1
1779193476.2857,943,1.4,28.42,-6.89,0.42,0.004621,1
1779193476.3669,944,1.83,26.65,-5.88,0.4402,0.004493,1
1779193476.4465,945,1.6,25.52,-6.01,0.4454,0.003866,1
1779193476.5273,946,2.27,21.59,-4.89,0.4207,0.003151,1
1779193476.6083,947,2.7,15.13,-3.59,0.4016,0.002014,1
1779193476.6781,948,2.03,-9.39,-3.89,0.3483,0.002658,1
1779193476.7457,949,2.98,-21.47,-6.03,0.3801,0.003034,1
1779193476.8199,950,3.18,-32.8,-6.89,0.4146,0.003144,1
1779193476.9067,951,-153.23,-51.45,-36.63,0.3976,0.003694,1
1779193476.9833,952,-147.06,-56.16,-43.08,0.4358,0.004273,1
1779193477.0529,953,-143.76,-59.1,-45.5,0.4361,0.003843,1
1779193477.1167,954,-142.07,-58.97,-44.02,0.4767,0.004217,1
1779193477.1842,955,-141.66,-56.74,-49.26,0.494,0.004447,1
1779193477.2583,956,-140.28,-55.79,-48.21,0.4802,0.004257,1
1779193477.3332,957,-137.85,-52.93,-53.23,0.4264,0.003882,1
1779193477.4111,958,-139.78,-51.87,-54.96,0.4103,0.003671,1
1779193477.5181,959,-138.71,-56.05,-58.93,0.425,0.003331,1
1779193477.6215,960,-140.91,-60.08,-53.25,0.4701,0.003813,1
1779193477.6931,961,-139.53,-58.9,-48.09,0.4797,0.004259,1
1779193477.7764,962,-138.93,-56.34,-50.58,0.4389,0.004612,1
1779193477.8981,963,-138.19,-55.74,-50.3,0.4669,0.006359,1
1779193477.9772,964,-137.27,-51.89,-54.49,0.4453,0.006016,1
1779193478.0493,965,-136.6,-51.84,-56.13,0.3993,0.005323,1
1779193478.1167,966,-138.1,-53.2,-57.42,0.4068,0.004387,1
1779193478.1817,967,-138.72,-54.44,-51.11,0.4608,0.005129,1
1779193478.2658,968,-138.16,-53.86,-49.07,0.456,0.004182,1
1779193478.3356,969,-137.66,-54.16,-51.76,0.4817,0.004268,1
1779193478.4164,970,-141.29,-52.79,-49.5,0.4126,0.004103,1
1779193478.4688,971,-141.55,-50.37,-50.17,0.4244,0.00498,1
1779193478.523,972,-141.39,-49.97,-52.64,0.4118,0.005532,1
1779193478.5815,973,-142.53,-49.72,-53.33,0.401,0.004826,1
1779193478.6583,974,-142.69,-51.49,-48.45,0.4559,0.005383,1
1779193478.7317,975,-140.37,-52.13,-48.74,0.4507,0.007924,1
1779193478.8061,976,-139.77,-48.75,-47.2,0.4408,0.0127,1
1779193478.8883,977,-140.07,-49.9,-47.99,0.4305,0.012107,1
1779193478.9666,978,-139.68,-50.41,-49.13,0.4243,0.01248,1
1779193479.0394,979,-140.87,-50.8,-49.75,0.442,0.011225,1
1779193479.1122,980,-138.99,-51.68,-49.27,0.4236,0.008701,1
1779193479.1829,981,-140.18,-52.34,-50.05,0.4611,0.003261,1
1779193479.266,982,13.42,-43.23,-14.98,0.4666,0.002914,1
1779193479.3432,983,-139.53,-51.49,-49.93,0.4545,0.003415,1
1779193479.4299,984,-139.98,-53.16,-52.67,0.4019,0.005725,1
1779193479.5265,985,-137.39,-53.1,-58.68,0.3762,0.010155,1
1779193479.6144,986,0.0,0.0,0.0,0.0,0.01031,1
1779193479.693,987,0.0,0.0,0.0,0.0,0.010492,1
1779193479.7795,988,0.0,0.0,0.0,0.0,0.010241,1
1779193479.8695,989,0.0,0.0,0.0,0.0,0.01006,1
1779193479.9556,990,0.0,0.0,0.0,0.0,0.006358,1
1779193480.0582,991,0.0,0.0,0.0,0.0,0.006893,1
1779193480.1201,992,0.0,0.0,0.0,0.0,0.006775,1
1779193480.1818,993,0.0,0.0,0.0,0.0,0.006196,1
1779193480.2511,994,0.0,0.0,0.0,0.0,0.00483,1
1779193480.3136,995,0.0,0.0,0.0,0.0,0.00422,1
1779193480.3686,996,0.0,0.0,0.0,0.0,0.00415,1
1779193480.437,997,0.0,0.0,0.0,0.0,0.003438,1
1779193480.5087,998,0.0,0.0,0.0,0.0,0.003731,1
1779193480.5965,999,0.0,0.0,0.0,0.0,0.003368,1
1779193480.6546,1000,0.0,0.0,0.0,0.0,0.00299,1
1779193480.7333,1001,0.75,-28.02,-9.26,0.3754,0.002113,1
1779193480.8194,1002,3.73,-25.13,-16.67,0.3439,0.002166,1
1779193480.9228,1003,4.27,-17.09,-20.85,0.2895,0.001666,1
1779193481.0018,1004,3.21,-17.83,-19.36,0.3361,0.001341,1
1779193481.0723,1005,1.64,-16.94,-18.79,0.3055,0.001334,1
1779193481.1428,1006,1.15,-14.97,-18.78,0.3302,0.001411,1
1779193481.2168,1007,0.98,-13.17,-18.51,0.3598,0.001558,1
1779193481.2977,1008,0.07,-11.05,-19.45,0.3219,0.001844,1
1779193481.3836,1009,1.14,-11.74,-21.21,0.2878,0.002406,1
1779193481.4703,1010,1.69,-11.95,-20.84,0.2324,0.002736,1
1779193481.5623,1011,2.58,-12.81,-19.2,0.2646,0.003038,1
1779193481.6497,1012,2.26,-10.79,-17.58,0.2524,0.003152,1
1779193481.7391,1013,1.79,-11.5,-15.64,0.2877,0.003556,1
1779193481.8261,1014,1.43,-8.49,-18.74,0.3004,0.003748,1
1779193481.8966,1015,1.65,-7.37,-20.45,0.3023,0.003339,1
1779193481.9769,1016,1.9,-5.68,-24.26,0.2987,0.003148,1
1779193482.0608,1017,1.88,-4.36,-25.8,0.2772,0.002906,1
1779193482.1288,1018,2.38,-4.34,-26.48,0.2629,0.002155,1
1779193482.2043,1019,1.22,-2.86,-22.72,0.2693,0.00151,1
1779193482.2788,1020,0.89,-3.93,-21.13,0.2863,0.001713,1
1779193482.3399,1021,0.79,-3.13,-21.78,0.2878,0.001585,1
1779193482.4188,1022,1.12,-2.61,-22.36,0.2906,0.001894,1
1779193482.5039,1023,1.49,-1.05,-23.39,0.2866,0.002014,1
1779193482.5925,1024,1.51,-0.86,-23.41,0.2806,0.002553,1
1779193482.6787,1025,1.03,0.21,-25.22,0.2685,0.002694,1
1779193482.7664,1026,1.87,0.66,-21.39,0.2341,0.003473,1
1779193482.8489,1027,1.06,2.48,-18.06,0.2816,0.003488,1
1779193482.9338,1028,1.21,3.04,-16.03,0.3447,0.003872,1
1779193483.0158,1029,1.6,4.56,-14.4,0.3884,0.004135,1
1779193483.0923,1030,1.55,5.1,-11.94,0.3597,0.005262,1
1779193483.1629,1031,1.42,5.89,-10.01,0.3915,0.006299,1
1779193483.2345,1032,1.28,7.39,-9.26,0.382,0.006432,1
1779193483.2903,1033,1.79,10.85,-7.64,0.3938,0.006437,1
1779193483.3516,1034,1.83,10.38,-7.81,0.3862,0.006328,1
1779193483.4796,1035,1.63,11.12,-7.08,0.4046,0.005615,1
1779193483.5692,1036,1.47,12.47,-5.74,0.3924,0.004084,1
1779193483.6446,1037,1.82,13.1,-5.28,0.397,0.003529,1
1779193483.7385,1038,1.97,14.29,-5.04,0.4062,0.003924,1
1779193483.8425,1039,1.56,14.8,-5.31,0.4137,0.003415,1
1779193483.9198,1040,1.78,15.4,-5.4,0.415,0.003893,1
1779193484.0016,1041,1.65,16.31,-4.7,0.4217,0.003976,1
1779193484.0825,1042,1.52,17.29,-4.36,0.4209,0.004205,1
1779193484.1578,1043,1.34,21.28,-4.05,0.4224,0.003494,1
1779193484.2307,1044,1.51,28.5,-4.46,0.3924,0.003474,1
1779193484.3066,1045,1.1,34.43,-5.58,0.4052,0.00302,1
1779193484.3886,1046,0.54,37.23,-6.73,0.4169,0.002833,1
1779193484.4655,1047,1.17,41.28,-6.8,0.4408,0.002979,1
1779193484.5423,1048,2.13,41.59,-6.1,0.4469,0.005332,1
1779193484.6244,1049,2.6,42.02,-4.98,0.455,0.007353,1
1779193484.7033,1050,3.53,42.78,-2.19,0.4605,0.007007,1
1779193484.7914,1051,166.75,41.49,-28.64,0.4954,0.008513,1
1779193484.8833,1052,167.2,42.16,-28.26,0.507,0.009477,1
1779193484.9871,1053,168.19,41.14,-27.1,0.4929,0.007835,1
1779193485.0513,1054,168.01,40.39,-26.58,0.4726,0.005855,1
1779193485.1229,1055,167.28,40.15,-28.47,0.4659,0.005601,1
1779193485.1923,1056,166.11,40.89,-29.04,0.4188,0.00435,1
1779193485.2679,1057,163.76,42.2,-29.22,0.4525,0.003485,1
1779193485.3346,1058,163.61,42.9,-27.08,0.496,0.003583,1
1779193485.4137,1059,162.93,42.07,-28.01,0.5088,0.004119,1
1779193485.4987,1060,0.05,46.08,-3.48,0.4081,0.00506,1
1779193485.583,1061,-0.88,46.49,-6.81,0.4549,0.005959,1
1779193485.6707,1062,-3.39,45.59,-11.58,0.475,0.006437,1
1779193485.7406,1063,-5.1,45.45,-13.6,0.478,0.005622,1
1779193485.8178,1064,-7.0,46.52,-12.14,0.4374,0.00509,1
1779193485.8902,1065,156.37,42.46,-35.81,0.4723,0.00491,1
1779193485.9644,1066,-4.61,46.56,-9.14,0.45,0.004276,1
1779193486.0299,1067,-5.43,46.35,-11.33,0.4886,0.00307,1
1779193486.0983,1068,-6.41,45.73,-12.57,0.494,0.003581,1
1779193486.1728,1069,-6.69,45.13,-13.22,0.4666,0.003217,1
1779193486.2515,1070,-6.6,44.76,-13.88,0.4569,0.002388,1
1779193486.3303,1071,-6.55,44.45,-14.18,0.4632,0.001684,1
1779193486.4249,1072,-6.54,44.9,-14.38,0.4579,0.002117,1
1779193486.5416,1073,-7.05,43.9,-15.02,0.4679,0.002754,1
1779193486.6306,1074,-7.6,42.91,-15.86,0.4487,0.003483,1
1779193486.7087,1075,-7.47,42.91,-15.74,0.454,0.003368,1
1779193486.7933,1076,-7.41,43.38,-15.67,0.4577,0.00316,1
1779193486.8855,1077,-7.5,43.88,-15.25,0.4786,0.00298,1
1779193486.9897,1078,-7.55,43.49,-15.04,0.4791,0.001778,1
1779193487.0682,1079,-7.8,42.71,-15.43,0.4681,0.001213,1
1779193487.1429,1080,-7.73,42.54,-15.49,0.4698,0.001647,1
1779193487.2017,1081,-7.46,42.81,-15.34,0.4704,0.002341,1
1779193487.2564,1082,-7.04,42.88,-14.84,0.4711,0.002288,1
1779193487.3176,1083,-6.72,42.75,-14.61,0.4763,0.002073,1
1779193487.3695,1084,-6.61,42.89,-14.68,0.475,0.002254,1
1779193487.4357,1085,-6.65,43.47,-14.93,0.4807,0.002108,1
1779193487.4967,1086,-6.6,43.79,-15.14,0.495,0.002556,1
1779193487.555,1087,-6.41,43.76,-14.9,0.4941,0.003523,1
1779193487.6118,1088,-6.23,43.78,-14.59,0.4981,0.00424,1
1779193487.6884,1089,-5.5,44.4,-13.07,0.5053,0.004377,1
1779193487.7758,1090,-5.8,44.75,-13.35,0.5124,0.004139,1
1779193487.8617,1091,-6.03,44.83,-13.57,0.5172,0.003749,1
1779193487.9501,1092,-6.27,44.72,-14.33,0.505,0.003286,1
1779193488.0255,1093,-6.36,44.34,-14.33,0.5008,0.003181,1
1779193488.0954,1094,-6.64,43.94,-14.84,0.4535,0.003359,1
1779193488.167,1095,-6.74,43.7,-14.96,0.4534,0.004378,1
1779193488.2503,1096,-6.51,43.47,-14.94,0.4421,0.004649,1
1779193488.3314,1097,-6.39,43.65,-14.38,0.452,0.004917,1
1779193488.4045,1098,-6.16,44.22,-13.78,0.4601,0.004753,1
1779193488.4861,1099,-6.6,44.25,-13.78,0.4606,0.004621,1
1779193488.5575,1100,-7.72,43.47,-15.26,0.4442,0.004303,1
1779193488.6225,1101,-6.98,43.75,-15.25,0.4429,0.004096,1
1779193488.6869,1102,-6.11,44.66,-14.1,0.4231,0.003281,1
1779193488.7653,1103,-6.18,45.13,-14.08,0.4291,0.00418,1
1779193488.8524,1104,-6.16,45.41,-14.66,0.4356,0.003869,1
1779193488.9339,1105,-6.22,45.78,-14.81,0.4469,0.003344,1
1779193489.011,1106,-6.51,45.69,-14.72,0.4526,0.002789,1
1779193489.0872,1107,-6.44,45.45,-14.02,0.4806,0.003924,1
1779193489.1606,1108,-5.95,44.69,-13.93,0.4926,0.004244,1
1779193489.2354,1109,-5.73,46.0,-15.2,0.459,0.005717,1
1779193489.3146,1110,-5.97,45.16,-15.91,0.4421,0.006392,1
1779193489.39,1111,-6.3,45.71,-15.81,0.4516,0.006789,1
1779193489.4733,1112,-6.54,45.09,-15.59,0.434,0.005865,1
1779193489.5575,1113,-6.66,44.95,-15.62,0.4392,0.006928,1
1779193489.6406,1114,-6.39,44.76,-15.33,0.4454,0.007244,1
1779193489.736,1115,-6.34,44.6,-15.62,0.4203,0.007957,1
1779193489.8288,1116,-5.47,45.2,-15.06,0.3943,0.00949,1
1779193489.9084,1117,-5.48,45.28,-15.28,0.3915,0.009132,1
1779193489.9868,1118,-5.36,45.48,-14.96,0.3351,0.006307,1
1779193490.0631,1119,-5.88,45.31,-15.72,0.3407,0.004684,1
1779193490.1349,1120,-5.85,46.07,-15.28,0.3799,0.003252,1
1779193490.2058,1121,-4.97,46.62,-14.5,0.4048,0.001533,1
1779193490.2962,1122,-4.87,46.78,-14.58,0.4086,0.002614,1
1779193490.3709,1123,-5.24,46.39,-14.6,0.4173,0.003332,1
1779193490.4357,1124,-4.89,47.46,-14.22,0.4146,0.00382,1
1779193490.5038,1125,-5.07,47.04,-14.36,0.4164,0.00458,1
1779193490.563,1126,-4.94,45.89,-14.46,0.4364,0.004353,1
1779193490.6333,1127,-5.98,45.71,-16.19,0.4469,0.003653,1
1779193490.7194,1128,-6.28,44.58,-16.11,0.4346,0.003308,1
1779193490.7905,1129,-6.89,44.09,-16.8,0.4371,0.002851,1
1779193490.8642,1130,-6.95,44.03,-16.64,0.4409,0.002661,1
1779193490.9449,1131,-6.55,43.87,-16.25,0.4515,0.003492,1
1779193491.0278,1132,-6.16,44.49,-16.11,0.4537,0.003369,1
1779193491.101,1133,-6.34,43.96,-16.27,0.4307,0.00359,1
1779193491.1718,1134,-6.76,44.19,-16.75,0.4489,0.003841,1
1779193491.2557,1135,156.27,39.24,-41.59,0.4638,0.004093,1
1779193491.3383,1136,-6.83,43.12,-16.68,0.4596,0.004141,1
1779193491.4198,1137,-6.69,43.29,-17.06,0.4512,0.006887,1
1779193491.5047,1138,-5.85,42.61,-16.23,0.3732,0.007086,1
1779193491.583,1139,-2.34,39.8,-14.69,0.3435,0.006566,1
1779193491.659,1140,0.65,31.94,-11.28,0.3155,0.006608,1
1779193491.7424,1141,2.83,21.23,-7.29,0.3254,0.005818,1
1779193491.8389,1142,4.23,14.97,-6.25,0.3645,0.003793,1
1779193491.9145,1143,4.42,9.64,-6.54,0.386,0.004262,1
1779193491.9734,1144,4.44,10.5,-6.16,0.39,0.00539,1
1779193492.0327,1145,4.53,12.09,-6.07,0.4024,0.00444,1
1779193492.0934,1146,4.61,13.85,-5.39,0.4114,0.004666,1
1779193492.1527,1147,4.21,21.52,-3.22,0.3914,0.003756,1
1779193492.2182,1148,4.39,26.87,-2.5,0.3265,0.002868,1
1779193492.2913,1149,1.88,36.04,-5.68,0.3262,0.002629,1
1779193492.3651,1150,2.93,42.97,-3.75,0.397,0.002954,1
1779193492.4486,1151,2.9,45.02,-2.46,0.4343,0.003006,1
1779193492.5307,1152,0.28,41.42,-5.63,0.4196,0.00323,1
1779193492.6237,1153,0.61,39.99,-7.31,0.3767,0.00381,1
1779193492.7106,1154,1.6,30.91,-6.57,0.3795,0.003044,1
1779193492.8063,1155,2.69,19.77,-3.77,0.3872,0.002813,1
1779193492.8938,1156,3.22,14.28,-3.87,0.3948,0.003009,1
1779193492.9543,1157,4.1,11.55,-3.7,0.3919,0.003125,1
1779193493.0421,1158,4.05,11.27,-4.01,0.3918,0.003418,1
1779193493.1207,1159,4.27,10.55,-3.8,0.3966,0.004087,1
1779193493.1896,1160,4.33,10.5,-3.89,0.4035,0.005631,1
1779193493.2692,1161,4.5,12.41,-3.16,0.4059,0.00549,1
1779193493.3504,1162,4.2,12.86,-3.3,0.4116,0.005393,1
1779193493.4326,1163,4.29,17.03,-2.86,0.424,0.004226,1
1779193493.5052,1164,4.25,19.91,-3.34,0.4195,0.003639,1
1779193493.5891,1165,4.38,21.2,-3.69,0.4119,0.002605,1
1779193493.676,1166,3.88,20.83,-3.64,0.412,0.002374,1
1779193493.7537,1167,4.32,21.07,-3.39,0.4081,0.002265,1
1779193493.8334,1168,4.59,19.3,-2.78,0.4176,0.003246,1
1779193493.9271,1169,4.71,16.37,-2.5,0.4066,0.003748,1
1779193494.0103,1170,4.39,9.07,-3.3,0.4083,0.003118,1
1779193494.0747,1171,3.39,0.94,-3.25,0.392,0.003346,1
1779193494.1441,1172,2.04,-14.9,0.09,0.3917,0.003384,1
1779193494.2186,1173,1.46,-24.01,2.38,0.3888,0.003421,1
1779193494.2947,1174,3.05,-29.3,2.52,0.4111,0.005156,1
1779193494.3764,1175,3.18,-31.57,1.49,0.4122,0.008663,1
1779193494.4555,1176,3.52,-33.03,1.74,0.4285,0.009048,1
1779193494.5327,1177,4.38,-32.41,1.1,0.4444,0.010081,1
1779193494.5954,1178,4.46,-32.53,0.58,0.4543,0.011724,1
1779193494.6738,1179,4.55,-32.47,0.94,0.4472,0.010104,1
1779193494.7446,1180,4.5,-31.5,1.23,0.4461,0.00971,1
1779193494.8339,1181,4.11,-30.27,0.97,0.4114,0.01181,1
1779193494.9101,1182,3.32,-29.47,1.98,0.3983,0.01119,1
1779193494.9788,1183,3.38,-28.29,2.79,0.388,0.008807,1
1779193495.0664,1184,3.11,-27.53,3.03,0.3925,0.008432,1
1779193495.1511,1185,3.01,-26.65,2.86,0.3967,0.005393,1
1779193495.2237,1186,3.39,-26.81,2.81,0.3951,0.002416,1
1779193495.3172,1187,3.73,-27.32,2.32,0.3937,0.001848,1
1779193495.3987,1188,3.42,-29.13,2.74,0.4038,0.002118,1
1779193495.4818,1189,3.6,-28.74,2.48,0.4094,0.002366,1
1779193495.56,1190,3.67,-28.6,2.37,0.4133,0.002496,1
1779193495.6154,1191,3.53,-28.68,2.53,0.4178,0.002613,1
1779193495.6894,1192,3.52,-27.06,2.52,0.4122,0.003134,1
1779193495.7762,1193,3.45,-21.2,2.49,0.3811,0.002997,1
1779193495.8671,1194,3.67,-17.83,2.53,0.3798,0.002602,1
1779193495.9474,1195,4.81,-7.07,-0.34,0.3668,0.00293,1
1779193496.0278,1196,6.03,8.77,-0.43,0.3822,0.002823,1
1779193496.1034,1197,6.57,26.56,1.04,0.3445,0.002668,1
1779193496.1713,1198,6.23,33.46,0.77,0.3798,0.002744,1
1779193496.2477,1199,4.83,35.96,0.21,0.4189,0.002345,1
1779193496.3265,1200,169.3,38.23,-25.12,0.4454,0.001963,1
1779193496.3948,1201,165.34,43.99,-27.22,0.423,0.001878,1
1779193496.4774,1202,5.91,51.22,2.15,0.3849,0.00138,1
1779193496.5609,1203,158.62,53.49,-33.4,0.388,0.001362,1
1779193496.652,1204,155.18,54.09,-35.83,0.4203,0.002006,1
1779193496.7218,1205,151.91,54.1,-38.89,0.4803,0.001921,1
1779193496.805,1206,149.39,53.32,-40.33,0.4694,0.001855,1
1779193496.8863,1207,147.61,53.94,-42.27,0.4713,0.002838,1
1779193496.9499,1208,0.0,0.0,0.0,0.0,0.003576,1
1779193497.0158,1209,0.0,0.0,0.0,0.0,0.002916,1
1779193497.075,1210,0.0,0.0,0.0,0.0,0.00314,1
1779193497.1313,1211,0.0,0.0,0.0,0.0,0.003327,1
1779193497.2009,1212,0.0,0.0,0.0,0.0,0.00273,1
1779193497.275,1213,0.0,0.0,0.0,0.0,0.001945,1
1779193497.3555,1214,0.0,0.0,0.0,0.0,0.002209,1
1779193497.4419,1215,0.0,0.0,0.0,0.0,0.002151,1
1779193497.5294,1216,0.0,0.0,0.0,0.0,0.002143,1
1779193497.6168,1217,0.0,0.0,0.0,0.0,0.001856,1
1779193497.6987,1218,0.0,0.0,0.0,0.0,0.00176,1
1779193497.7742,1219,0.0,0.0,0.0,0.0,0.002106,1
1779193497.8602,1220,0.0,0.0,0.0,0.0,0.002187,1
1779193497.9468,1221,0.0,0.0,0.0,0.0,0.00437,1
1779193498.03,1222,0.0,0.0,0.0,0.0,0.004465,1
1779193498.1014,1223,0.0,0.0,0.0,0.0,0.004596,1
1779193498.1668,1224,0.0,0.0,0.0,0.0,0.004995,1
1779193498.2339,1225,0.0,0.0,0.0,0.0,0.006134,1
1779193498.2968,1226,0.0,0.0,0.0,0.0,0.004233,1
1779193498.3713,1227,0.0,0.0,0.0,0.0,0.00455,1
1779193498.4901,1228,0.0,0.0,0.0,0.0,0.004742,1
1779193498.5522,1229,0.0,0.0,0.0,0.0,0.004191,1
1779193498.6236,1230,3.48,58.11,0.99,0.535,0.004,1
1779193498.7513,1231,152.82,54.93,-35.75,0.4746,0.004256,1
1779193498.8461,1232,149.85,54.13,-36.47,0.4644,0.005139,1
1779193498.9323,1233,146.77,52.92,-40.31,0.3973,0.005607,1
1779193499.0153,1234,0.0,0.0,0.0,0.0,0.005552,1
1779193499.0845,1235,0.0,0.0,0.0,0.0,0.005254,1
1779193499.156,1236,0.0,0.0,0.0,0.0,0.005186,1
1779193499.2279,1237,0.0,0.0,0.0,0.0,0.004668,1
1779193499.3071,1238,0.0,0.0,0.0,0.0,0.004843,1
1779193499.3841,1239,0.0,0.0,0.0,0.0,0.00488,1
1779193499.4559,1240,0.0,0.0,0.0,0.0,0.00417,1
1779193499.5394,1241,0.0,0.0,0.0,0.0,0.004464,1
1779193499.6097,1242,0.0,0.0,0.0,0.0,0.004236,1
1779193499.6702,1243,3.19,50.06,-0.74,0.3108,0.003427,1
1779193499.7329,1244,160.08,43.73,-29.42,0.3505,0.003138,1
1779193499.7898,1245,-1.92,40.1,-7.65,0.3636,0.002817,1
1779193499.8492,1246,-1.04,26.13,-6.97,0.3469,0.003122,1
1779193499.9065,1247,1.03,19.77,-5.61,0.3603,0.003063,1
1779193499.9639,1248,0.95,2.47,-3.55,0.3651,0.002703,1
1779193500.0258,1249,1.34,-11.24,-2.78,0.3632,0.002825,1
1779193500.0801,1250,2.13,-21.19,-2.21,0.3868,0.002961,1
1779193500.1336,1251,2.35,-24.82,-1.3,0.3836,0.002652,1
1779193500.2019,1252,1.7,-32.39,0.55,0.4392,0.002766,1
1779193500.2907,1253,-158.7,-47.79,-28.83,0.467,0.004073,1
1779193500.3586,1254,3.46,-35.74,-0.54,0.4622,0.004819,1
1779193500.4412,1255,-156.16,-48.53,-29.8,0.4806,0.00515,1
1779193500.519,1256,-155.02,-49.49,-30.83,0.496,0.00491,1
1779193500.5979,1257,-154.48,-52.6,-30.51,0.5026,0.00483,1
1779193500.6804,1258,-151.63,-54.79,-32.4,0.5151,0.003954,1
1779193500.7588,1259,-150.65,-56.99,-34.24,0.5148,0.003208,1
1779193500.8489,1260,-148.6,-59.05,-36.48,0.477,0.003907,1
1779193500.9315,1261,-149.14,-58.88,-35.2,0.5145,0.004366,1
1779193501.0017,1262,-148.5,-58.99,-34.98,0.5106,0.004441,1
1779193501.0663,1263,-147.67,-58.2,-35.71,0.5408,0.004778,1
1779193501.1394,1264,-145.78,-58.75,-37.72,0.5295,0.005662,1
1779193501.2086,1265,-144.8,-58.79,-38.75,0.5473,0.007766,1
1779193501.2879,1266,-144.26,-58.19,-39.42,0.5537,0.007667,1
1779193501.3809,1267,-143.76,-56.95,-40.21,0.5794,0.007147,1
1779193501.507,1268,-143.11,-56.77,-39.68,0.5624,0.006227,1
1779193501.5877,1269,-144.13,-57.29,-38.18,0.5626,0.005734,1
1779193501.6726,1270,-143.29,-57.85,-40.16,0.5431,0.003061,1
1779193501.7833,1271,-142.77,-57.54,-41.04,0.5227,0.002855,1
1779193501.852,1272,-142.98,-57.32,-40.74,0.5125,0.004028,1
1779193501.9281,1273,-142.61,-56.88,-41.4,0.5104,0.006088,1
1779193502.0169,1274,-142.69,-56.42,-41.54,0.5178,0.008527,1
1779193502.0895,1275,-142.88,-55.81,-41.26,0.5279,0.007867,1
1779193502.1614,1276,-143.22,-55.61,-41.49,0.5265,0.008727,1
1779193502.2354,1277,-143.95,-55.67,-40.63,0.5208,0.009416,1
1779193502.3163,1278,-144.13,-56.51,-39.89,0.5428,0.007561,1
1779193502.392,1279,-144.27,-56.74,-39.67,0.5437,0.005895,1
1779193502.4695,1280,-144.42,-56.61,-39.41,0.55,0.006725,1
1779193502.557,1281,-144.77,-56.8,-38.86,0.5415,0.005256,1
1779193502.638,1282,-145.02,-56.98,-38.4,0.5524,0.004139,1
1779193502.712,1283,-143.61,-57.87,-39.98,0.5501,0.004059,1
1779193502.8021,1284,-147.95,-54.18,-36.1,0.4503,0.004024,1
1779193502.8893,1285,-152.88,-48.67,-33.07,0.3878,0.004122,1
1779193502.9544,1286,4.18,-27.97,-1.29,0.3599,0.004406,1
1779193503.0229,1287,3.46,-20.19,-0.06,0.3434,0.003944,1
1779193503.0948,1288,5.6,1.23,-1.34,0.37,0.004161,1
1779193503.1674,1289,7.71,21.57,-0.65,0.3799,0.002974,1
1779193503.2428,1290,8.04,30.9,-1.4,0.3618,0.002196,1
1779193503.3182,1291,8.6,36.96,-0.95,0.3555,0.00193,1
1779193503.4001,1292,8.32,39.41,-1.16,0.4069,0.002102,1
1779193503.4889,1293,171.79,42.44,-25.39,0.4365,0.00322,1
1779193503.5753,1294,170.61,44.88,-24.18,0.4247,0.004001,1
1779193503.6657,1295,167.77,47.74,-25.86,0.4244,0.003763,1
1779193503.7483,1296,162.81,50.82,-30.7,0.3865,0.003816,1
1779193503.8299,1297,158.02,55.33,-34.12,0.4097,0.004014,1
1779193503.9138,1298,153.14,57.17,-37.87,0.5086,0.003458,1
1779193503.9944,1299,150.24,58.48,-39.49,0.505,0.002654,1
1779193504.0527,1300,146.24,59.62,-43.31,0.4904,0.003812,1
1779193504.1248,1301,145.64,58.64,-42.13,0.4883,0.004107,1
1779193504.201,1302,0.0,0.0,0.0,0.0,0.00389,1
1779193504.2798,1303,0.0,0.0,0.0,0.0,0.003373,1
1779193504.3618,1304,0.0,0.0,0.0,0.0,0.003348,1
1779193504.4356,1305,0.0,0.0,0.0,0.0,0.002392,1
1779193504.5058,1306,0.0,0.0,0.0,0.0,0.001789,1
1779193504.5867,1307,0.0,0.0,0.0,0.0,0.001508,1
1779193504.6742,1308,0.0,0.0,0.0,0.0,0.001676,1
1779193504.7587,1309,0.0,0.0,0.0,0.0,0.002986,1
1779193504.8329,1310,0.0,0.0,0.0,0.0,0.003229,1
1779193504.9824,1311,0.0,0.0,0.0,0.0,0.005195,1
1779193505.06,1312,0.0,0.0,0.0,0.0,0.006019,1
1779193505.1306,1313,154.99,60.5,-32.54,0.7662,0.005605,1
1779193505.2046,1314,154.98,58.66,-34.23,0.5577,0.004424,1
1779193505.2864,1315,154.59,55.92,-31.89,0.4833,0.003952,1
1779193505.3626,1316,152.77,55.55,-33.49,0.5044,0.002101,1
1779193505.4402,1317,150.8,53.8,-33.25,0.4797,0.00169,1
1779193505.5259,1318,150.48,53.46,-33.9,0.4927,0.001823,1
1779193505.6001,1319,149.05,53.2,-36.01,0.4601,0.002119,1
1779193505.676,1320,148.07,52.68,-37.67,0.4129,0.002575,1
1779193505.7508,1321,176.27,-34.94,9.86,0.4047,0.00305,1
1779193505.823,1322,146.86,52.92,-38.43,0.4049,0.002437,1
1779193505.9048,1323,146.9,53.01,-37.67,0.3894,0.002936,1
1779193505.9863,1324,0.0,0.0,0.0,0.0,0.003225,1
1779193506.0573,1325,155.28,54.21,-29.34,0.4553,0.003129,1
1779193506.13,1326,157.54,49.37,-29.45,0.4233,0.004013,1
1779193506.2053,1327,162.03,43.29,-24.93,0.4411,0.00634,1
1779193506.2741,1328,-0.97,39.19,-1.28,0.4391,0.006832,1
1779193506.3407,1329,0.07,32.01,-1.45,0.39,0.006692,1
1779193506.4191,1330,1.36,24.55,-1.06,0.4263,0.007416,1
1779193506.4979,1331,1.68,16.0,0.56,0.4156,0.006448,1
1779193506.5701,1332,1.42,4.88,-0.8,0.4095,0.004392,1
1779193506.6237,1333,1.51,-3.15,-1.08,0.3976,0.003316,1
1779193506.7049,1334,1.89,-7.73,-0.06,0.3998,0.002715,1
1779193506.7893,1335,2.2,-16.59,1.77,0.3875,0.001944,1
1779193506.8743,1336,2.19,-22.25,3.02,0.3862,0.002156,1
1779193506.9517,1337,1.05,-24.89,4.14,0.3906,0.001985,1
1779193507.0328,1338,2.52,-25.51,3.88,0.3885,0.002656,1
1779193507.104,1339,2.46,-28.49,4.04,0.3983,0.003615,1
1779193507.1738,1340,3.37,-31.14,2.8,0.4197,0.003867,1
1779193507.2524,1341,-158.14,-46.23,-25.02,0.4462,0.005283,1
1779193507.3272,1342,-155.13,-49.33,-27.62,0.4783,0.005383,1
1779193507.4035,1343,-153.78,-50.33,-27.88,0.4982,0.00523,1
1779193507.485,1344,-153.59,-52.05,-26.75,0.5105,0.004668,1
1779193507.5635,1345,-152.15,-52.69,-27.38,0.5144,0.00436,1
1779193507.6444,1346,-152.43,-53.08,-27.33,0.4991,0.002821,1
1779193507.7236,1347,-151.7,-53.77,-27.63,0.4958,0.003627,1
1779193507.8381,1348,-151.5,-53.75,-26.97,0.5132,0.003713,1
1779193507.9198,1349,-151.69,-53.16,-26.4,0.503,0.003708,1
1779193507.9828,1350,-151.05,-53.82,-27.65,0.5173,0.003811,1
1779193508.0617,1351,-150.5,-54.03,-28.5,0.5341,0.003453,1
1779193508.138,1352,-150.41,-53.97,-28.81,0.5365,0.003467,1
1779193508.2147,1353,-150.56,-53.54,-28.52,0.5272,0.003639,1
1779193508.2943,1354,-150.68,-53.69,-28.18,0.5218,0.003476,1
1779193508.3756,1355,-151.33,-53.6,-27.47,0.5113,0.003142,1
1779193508.4607,1356,-151.6,-53.54,-27.01,0.4938,0.004079,1
1779193508.5416,1357,-152.6,-53.3,-25.79,0.4892,0.00337,1
1779193508.6276,1358,-152.73,-52.83,-24.93,0.4919,0.0038,1
1779193508.7107,1359,-153.87,-51.83,-24.6,0.5021,0.003596,1
1779193508.7931,1360,-153.71,-50.67,-25.39,0.4904,0.003898,1
1779193508.8787,1361,-153.69,-50.19,-26.47,0.4865,0.003193,1
1779193508.9523,1362,-154.23,-49.48,-25.34,0.4805,0.004008,1
1779193509.0312,1363,5.57,-35.32,4.35,0.469,0.002829,1
1779193509.1008,1364,4.57,-27.5,3.3,0.4284,0.003091,1
1779193509.1657,1365,4.52,-17.94,2.54,0.3779,0.003157,1
1779193509.2313,1366,6.06,-2.77,0.68,0.397,0.003366,1
1779193509.3073,1367,6.28,10.35,-0.84,0.3959,0.004462,1
1779193509.3888,1368,6.49,20.48,0.74,0.4065,0.004564,1
1779193509.4695,1369,6.08,26.37,0.68,0.3731,0.00466,1
1779193509.5483,1370,5.35,32.91,0.5,0.3779,0.004358,1
1779193509.6159,1371,170.56,36.39,-22.22,0.4072,0.004314,1
1779193509.6898,1372,166.8,41.1,-22.48,0.3909,0.002669,1
1779193509.7645,1373,164.0,46.93,-23.62,0.4249,0.003017,1
1779193509.8466,1374,159.92,50.75,-25.47,0.428,0.002767,1
1779193509.9264,1375,155.79,54.43,-27.99,0.4264,0.00273,1
1779193510.0128,1376,152.65,56.72,-32.62,0.4903,0.002512,1
1779193510.0886,1377,149.14,57.48,-34.67,0.4832,0.00233,1
1779193510.1606,1378,147.53,56.16,-35.41,0.4705,0.001843,1
1779193510.2353,1379,0.0,0.0,0.0,0.0,0.0015,1
1779193510.3078,1380,0.0,0.0,0.0,0.0,0.001793,1
1779193510.3858,1381,0.0,0.0,0.0,0.0,0.002339,1
1779193510.4924,1382,0.0,0.0,0.0,0.0,0.002157,1
1779193510.6104,1383,0.0,0.0,0.0,0.0,0.002084,1
1779193510.7409,1384,0.0,0.0,0.0,0.0,0.002592,1
1779193510.8226,1385,149.58,59.86,-29.35,0.7205,0.002656,1
1779193510.9154,1386,149.29,57.75,-33.28,0.5077,0.002373,1
1779193510.9979,1387,147.03,55.79,-36.09,0.4978,0.002189,1
1779193511.0683,1388,145.51,53.88,-37.76,0.4632,0.002305,1
1779193511.1424,1389,142.82,52.34,-39.85,0.4012,0.002281,1
1779193511.2161,1390,169.88,-40.64,12.16,0.4379,0.002214,1
1779193511.2904,1391,0.0,0.0,0.0,0.0,0.001881,1
1779193511.3492,1392,0.0,0.0,0.0,0.0,0.001977,1
1779193511.4307,1393,0.0,0.0,0.0,0.0,0.002607,1
1779193511.5033,1394,149.7,55.14,-30.17,0.3871,0.002614,1
1779193511.591,1395,148.55,54.72,-32.05,0.4664,0.002527,1
1779193511.6783,1396,147.11,52.39,-33.47,0.442,0.003621,1
1779193511.7581,1397,-11.71,51.53,-9.31,0.3408,0.005301,1
1779193511.8311,1398,-7.18,47.18,-4.41,0.3365,0.00713,1
1779193511.9139,1399,-3.41,42.49,-5.29,0.3861,0.008556,1
1779193511.9876,1400,-1.3,34.99,-3.53,0.3657,0.010951,1
1779193512.0679,1401,1.27,29.82,-2.51,0.378,0.010052,1
1779193512.1383,1402,1.64,22.59,-1.45,0.384,0.00861,1
1779193512.2102,1403,2.32,3.9,-2.42,0.4005,0.006623,1
1779193512.2937,1404,2.48,-6.89,-1.32,0.3933,0.00706,1
1779193512.3739,1405,2.69,-15.53,-1.23,0.3962,0.005032,1
1779193512.4616,1406,2.25,-22.34,-0.14,0.4008,0.00473,1
1779193512.5421,1407,2.84,-27.72,-0.15,0.4216,0.005069,1
1779193512.6369,1408,2.78,-32.26,0.35,0.4346,0.005326,1
1779193512.7583,1409,-159.04,-45.07,-29.81,0.4525,0.003362,1
1779193512.8392,1410,-156.45,-47.61,-31.85,0.489,0.003306,1
1779193512.9017,1411,-154.23,-48.5,-34.59,0.4719,0.003392,1
1779193512.9832,1412,-151.25,-51.27,-36.5,0.5351,0.002967,1
1779193513.0609,1413,-146.74,-56.32,-41.47,0.4966,0.003147,1
1779193513.1294,1414,-144.73,-57.41,-43.15,0.5285,0.002813,1
1779193513.2,1415,-142.95,-57.62,-43.23,0.5352,0.003787,1
1779193513.2764,1416,-142.37,-56.7,-43.36,0.4678,0.004676,1
1779193513.358,1417,-143.62,-55.35,-42.5,0.4471,0.00513,1
1779193513.4473,1418,7.54,-41.62,-0.79,0.414,0.004105,1
1779193513.5814,1419,7.35,-35.17,-5.17,0.4365,0.005114,1
1779193513.6638,1420,4.4,-33.91,-2.15,0.4465,0.004086,1
1779193513.7521,1421,-159.43,-44.58,-28.69,0.4122,0.003414,1
1779193513.8192,1422,4.6,-30.73,-2.72,0.4098,0.003443,1
1779193513.886,1423,4.84,-26.28,-2.71,0.3928,0.003662,1
1779193513.9559,1424,4.28,-25.7,-1.68,0.3871,0.004217,1
1779193514.0263,1425,3.52,-24.0,-2.25,0.3879,0.004398,1
1779193514.115,1426,3.83,-23.02,-2.46,0.3797,0.008602,1
1779193514.1838,1427,4.1,-18.88,-3.06,0.3622,0.008309,1
1779193514.2617,1428,4.57,-12.21,-3.68,0.3595,0.009749,1
1779193514.343,1429,4.58,-8.84,-4.42,0.3697,0.010285,1
1779193514.4152,1430,4.89,-7.89,-4.76,0.3682,0.012816,1
1779193514.5029,1431,4.67,-4.88,-4.82,0.3737,0.009455,1
1779193514.5955,1432,4.04,-1.46,-5.05,0.3826,0.00935,1
1779193514.6827,1433,4.45,1.48,-4.69,0.3823,0.007639,1
1779193514.7644,1434,4.62,5.66,-3.43,0.3815,0.00597,1
1779193514.823,1435,4.54,9.08,-2.89,0.3857,0.002799,1
1779193514.9115,1436,4.35,10.6,-3.28,0.3944,0.003593,1
1779193514.996,1437,4.13,10.39,-3.24,0.4097,0.007826,1
1779193515.0698,1438,4.25,10.19,-3.25,0.3979,0.014136,1
1779193515.1329,1439,4.26,9.94,-3.02,0.3967,0.016257,1
1779193515.1977,1440,4.71,10.49,-2.87,0.4017,0.016815,1
1779193515.2765,1441,4.73,9.4,-3.27,0.4006,0.015499,1
1779193515.3824,1442,4.69,9.56,-3.61,0.3772,0.012066,1
1779193515.4612,1443,4.5,7.79,-4.32,0.3802,0.007484,1
1779193515.5342,1444,4.35,8.39,-3.44,0.3765,0.010326,1
1779193515.6076,1445,4.25,7.49,-5.0,0.3924,0.011338,1
1779193515.689,1446,4.63,7.38,-4.74,0.4292,0.014325,1
1779193515.7661,1447,4.68,6.23,-4.82,0.3972,0.021629,1
1779193515.8437,1448,5.56,3.55,-4.86,0.3984,0.027576,1
1779193515.9281,1449,5.8,4.48,-4.58,0.4017,0.024745,1
1779193515.9842,1450,6.09,3.47,-5.12,0.408,0.028681,1
1779193516.0398,1451,6.14,5.08,-4.77,0.396,0.030031,1
1779193516.0988,1452,6.28,4.79,-5.55,0.3834,0.023148,1
1779193516.1637,1453,6.29,4.93,-5.83,0.3923,0.018689,1
1779193516.2374,1454,6.24,4.77,-5.57,0.3951,0.0186,1
1779193516.3112,1455,6.22,4.93,-5.65,0.3997,0.014373,1
1779193516.3879,1456,6.19,4.97,-5.63,0.4001,0.010321,1
1779193516.451,1457,6.11,4.98,-5.49,0.4014,0.011082,1
1779193516.5309,1458,5.87,4.87,-5.02,0.403,0.008739,1
1779193516.629,1459,5.66,4.41,-4.33,0.4082,0.00722,1
1779193516.709,1460,5.66,3.83,-4.23,0.4067,0.007015,1
1779193516.7817,1461,5.41,-2.86,-4.62,0.4059,0.005909,1
1779193516.8598,1462,4.6,-11.15,-3.54,0.3757,0.003949,1
1779193516.9391,1463,3.77,-23.88,-0.81,0.3781,0.004182,1
1779193517.019,1464,4.88,-32.06,-1.32,0.4207,0.003834,1
1779193517.0889,1465,5.42,-34.83,-2.41,0.4752,0.003477,1
1779193517.1602,1466,-156.53,-48.75,-27.62,0.4952,0.004534,1
1779193517.2273,1467,-154.87,-50.7,-28.11,0.4794,0.004373,1
1779193517.2987,1468,-152.8,-52.95,-28.84,0.4682,0.003584,1
1779193517.3739,1469,-153.18,-51.31,-29.73,0.4922,0.003373,1
1779193517.4421,1470,-153.45,-50.96,-29.74,0.4912,0.003209,1
1779193517.5186,1471,-153.04,-50.94,-29.74,0.484,0.002768,1
1779193517.5762,1472,-153.0,-50.42,-30.09,0.478,0.002687,1
1779193517.6527,1473,7.68,-37.61,-3.61,0.4743,0.002292,1
1779193517.7314,1474,7.83,-34.36,-3.58,0.4521,0.00228,1
1779193517.8052,1475,6.49,-30.16,-3.98,0.4175,0.001874,1
1779193517.889,1476,5.71,-28.43,-2.55,0.4025,0.001852,1
1779193517.9618,1477,4.43,-17.97,-3.77,0.3762,0.001902,1
1779193518.0289,1478,3.31,-5.79,-3.55,0.3855,0.002261,1
1779193518.0979,1479,2.53,4.25,-3.93,0.4007,0.002578,1
1779193518.1646,1480,2.08,14.31,-4.59,0.4001,0.002715,1
1779193518.2323,1481,2.05,20.86,-3.98,0.4193,0.002698,1
1779193518.2982,1482,2.0,24.87,-3.26,0.3996,0.002796,1
1779193518.3702,1483,1.6,27.84,-3.66,0.4078,0.002984,1
1779193518.4444,1484,1.62,32.87,-3.45,0.4171,0.002262,1
1779193518.499,1485,1.5,34.5,-2.73,0.3993,0.002358,1
1779193518.5691,1486,2.22,37.15,-2.44,0.4449,0.002151,1
1779193518.6462,1487,2.28,37.13,-2.13,0.4472,0.002295,1
1779193518.7134,1488,2.76,39.39,-1.94,0.4666,0.002475,1
1779193518.7913,1489,170.52,37.63,-21.41,0.4725,0.002562,1
1779193518.8694,1490,170.2,39.06,-21.48,0.4684,0.003225,1
1779193518.9491,1491,170.27,39.76,-20.56,0.4767,0.003104,1
1779193519.0268,1492,170.12,39.92,-20.93,0.4743,0.002772,1
1779193519.0948,1493,169.97,40.29,-21.15,0.4788,0.002409,1
1779193519.1615,1494,169.09,40.75,-21.27,0.4799,0.002559,1
1779193519.2361,1495,168.7,40.49,-21.27,0.48,0.002024,1
1779193519.3056,1496,168.44,40.34,-21.67,0.4743,0.003182,1
1779193519.3641,1497,168.25,39.94,-21.72,0.4703,0.003416,1
1779193519.4297,1498,168.62,39.22,-21.38,0.4627,0.003288,1
1779193519.509,1499,168.94,38.02,-20.17,0.4655,0.003137,1
1779193519.5823,1500,1.11,37.55,-1.03,0.4577,0.00337,1
1779193519.6753,1501,1.15,35.47,-1.21,0.4589,0.002098,1
1779193519.7737,1502,1.68,34.9,-1.1,0.4623,0.00184,1
1779193519.838,1503,1.71,29.65,-0.05,0.4282,0.002118,1
1779193519.9014,1504,1.78,25.11,0.92,0.4365,0.002449,1
1779193519.9538,1505,1.17,18.57,-0.56,0.4163,0.002287,1
1779193520.0407,1506,1.13,12.7,-0.85,0.4161,0.002436,1
1779193520.1113,1507,1.19,7.1,-1.94,0.4198,0.002593,1
1779193520.1779,1508,1.23,-0.02,-2.57,0.4118,0.002562,1
1779193520.2653,1509,1.37,-0.56,-2.98,0.4045,0.002446,1
1779193520.3389,1510,1.33,-7.99,-1.89,0.4049,0.002066,1
1779193520.4054,1511,1.5,-14.92,-0.39,0.3915,0.00191,1
1779193520.4821,1512,0.9,-19.95,1.17,0.4138,0.00196,1
1779193520.5628,1513,1.83,-20.11,0.28,0.4114,0.001864,1
1779193520.6404,1514,2.34,-25.34,0.48,0.435,0.001626,1
1779193520.7113,1515,2.2,-27.18,1.03,0.4387,0.001949,1
1779193520.792,1516,2.06,-29.45,1.83,0.431,0.002045,1
1779193520.871,1517,2.72,-29.56,1.36,0.4306,0.001714,1
1779193520.9441,1518,2.81,-30.28,0.69,0.4345,0.001358,1
1779193521.0231,1519,2.81,-30.68,1.36,0.4384,0.001486,1
1779193521.088,1520,2.73,-30.15,1.21,0.4318,0.001205,1
1779193521.1529,1521,2.74,-29.95,1.45,0.4336,0.001214,1
1779193521.2239,1522,2.77,-28.91,1.69,0.4449,0.001466,1
1779193521.2977,1523,3.12,-28.4,2.15,0.4342,0.001994,1
1779193521.3531,1524,3.25,-27.96,2.36,0.4293,0.002519,1
1779193521.4244,1525,3.3,-27.54,2.42,0.4248,0.002708,1
1779193521.4985,1526,3.36,-26.68,2.3,0.4205,0.003521,1
1779193521.5742,1527,3.21,-26.16,1.95,0.4144,0.003498,1
1779193521.6468,1528,3.13,-25.58,2.28,0.4085,0.003326,1
1779193521.7178,1529,3.34,-23.84,1.83,0.4111,0.002777,1
1779193521.7909,1530,4.02,-19.22,2.22,0.4137,0.002501,1
1779193521.8693,1531,5.17,-11.92,0.79,0.4028,0.002288,1
1779193521.9522,1532,5.61,-5.19,-1.16,0.3943,0.00239,1
1779193522.0205,1533,5.8,1.71,-1.67,0.4061,0.002834,1
1779193522.0877,1534,5.67,5.67,-0.76,0.416,0.002778,1
1779193522.1516,1535,5.66,10.37,-0.75,0.4193,0.00283,1
1779193522.2206,1536,6.3,18.21,-0.49,0.4212,0.002518,1
1779193522.2903,1537,6.84,25.27,0.52,0.3887,0.002599,1
1779193522.3656,1538,8.51,37.34,-0.66,0.4133,0.002362,1
1779193522.4426,1539,9.29,40.11,-1.39,0.445,0.002377,1
1779193522.5253,1540,173.75,46.76,-24.36,0.4904,0.003338,1
1779193522.6412,1541,174.83,45.03,-22.28,0.4626,0.003207,1
1779193522.7331,1542,174.76,44.42,-21.99,0.4729,0.003384,1
1779193522.7996,1543,174.28,43.52,-21.94,0.4972,0.003456,1
1779193522.8698,1544,173.89,42.96,-22.1,0.4958,0.004508,1
1779193522.9504,1545,173.93,42.34,-21.97,0.5077,0.003576,1
1779193523.0238,1546,174.08,42.44,-21.79,0.494,0.003722,1
1779193523.0888,1547,174.44,41.5,-21.81,0.4595,0.003611,1
1779193523.1562,1548,175.07,40.07,-21.04,0.4583,0.003314,1
1779193523.2323,1549,175.15,39.35,-20.78,0.4621,0.002585,1
1779193523.3058,1550,175.46,37.05,-20.61,0.4558,0.002809,1
1779193523.377,1551,7.78,35.92,0.39,0.4481,0.003287,1
1779193523.4548,1552,7.8,33.91,1.17,0.442,0.003483,1
1779193523.5242,1553,7.13,27.92,1.8,0.4142,0.004076,1
1779193523.5956,1554,6.93,22.42,1.19,0.4163,0.004073,1
1779193523.6735,1555,6.61,18.56,0.83,0.4045,0.004295,1
1779193523.7538,1556,6.19,14.05,0.35,0.3227,0.004037,1
1779193523.8225,1557,6.16,10.78,-0.8,0.2973,0.006801,1
1779193523.898,1558,5.92,9.82,0.33,0.3307,0.008391,1
1779193523.9746,1559,5.92,6.62,3.15,0.3617,0.010183,1
1779193524.03,1560,5.66,3.81,3.75,0.3437,0.010003,1
1779193524.0951,1561,5.31,2.27,2.7,0.3608,0.00982,1
1779193524.1584,1562,6.09,3.33,2.74,0.3662,0.006792,1
1779193524.2188,1563,5.49,4.23,3.15,0.3816,0.007257,1
1779193524.2816,1564,5.36,4.17,2.3,0.3853,0.0059,1
1779193524.3605,1565,5.17,2.83,3.93,0.3746,0.006184,1
1779193524.4415,1566,5.33,3.37,4.08,0.3861,0.006225,1
1779193524.523,1567,5.47,2.28,4.56,0.4007,0.006914,1
1779193524.604,1568,5.47,2.26,4.85,0.4193,0.004496,1
1779193524.684,1569,5.43,1.2,4.45,0.4102,0.003831,1
1779193524.7598,1570,4.86,0.19,4.54,0.4116,0.003344,1
1779193524.83,1571,4.7,-0.32,4.21,0.4071,0.003042,1
1779193524.9044,1572,4.45,-1.47,4.47,0.4049,0.002228,1
1779193524.9879,1573,4.36,-2.13,4.53,0.4103,0.002777,1
1779193525.0729,1574,4.09,-2.55,5.0,0.4144,0.003405,1
1779193525.1437,1575,4.11,-2.64,5.16,0.4169,0.004259,1
1779193525.2126,1576,4.2,-2.62,5.26,0.4191,0.005768,1
1779193525.2864,1577,4.31,-2.68,4.91,0.4171,0.007849,1
1779193525.3555,1578,4.36,-2.2,5.51,0.4176,0.009023,1
1779193525.4264,1579,4.39,-2.44,5.92,0.4157,0.011678,1
1779193525.5172,1580,4.2,-3.2,6.7,0.4143,0.013877,1
1779193525.6097,1581,4.04,-3.49,7.24,0.4116,0.014572,1
1779193525.678,1582,3.96,-3.28,6.78,0.3954,0.015098,1
1779193525.789,1583,3.33,-3.67,6.71,0.4035,0.014656,1
1779193525.8941,1584,3.27,-2.87,6.56,0.4015,0.013253,1
1779193525.9542,1585,3.35,-2.13,6.28,0.4043,0.013201,1
1779193526.0278,1586,3.09,-2.46,6.2,0.4102,0.013588,1
1779193526.0944,1587,3.03,-2.47,6.79,0.4272,0.011486,1
1779193526.1574,1588,3.06,-2.85,6.71,0.4328,0.010595,1
1779193526.2293,1589,3.21,-2.45,6.1,0.4294,0.008792,1
1779193526.2963,1590,3.49,-1.4,6.01,0.4275,0.00678,1
1779193526.3671,1591,3.57,-2.22,6.34,0.4116,0.004256,1
1779193526.4479,1592,3.52,-2.32,6.67,0.4079,0.003522,1
1779193526.5276,1593,3.4,-2.34,6.78,0.4067,0.003183,1
1779193526.609,1594,3.39,-2.67,6.88,0.41,0.003344,1
1779193526.6759,1595,3.41,-2.88,6.6,0.4121,0.002314,1
1779193526.7457,1596,3.44,-3.48,6.46,0.4122,0.002364,1
1779193526.8303,1597,3.25,-6.19,7.04,0.4332,0.003512,1
1779193526.9116,1598,3.12,-6.56,6.98,0.4257,0.003285,1
1779193526.9896,1599,3.04,-7.27,7.03,0.4248,0.003217,1
1779193527.0669,1600,3.11,-8.54,7.93,0.4312,0.003241,1
1779193527.1347,1601,3.22,-8.47,7.94,0.4296,0.002779,1
1779193527.1992,1602,3.13,-9.22,8.08,0.4168,0.002127,1
1779193527.2769,1603,3.04,-9.09,8.1,0.414,0.001978,1
1779193527.3497,1604,3.06,-7.93,7.82,0.4238,0.001958,1
1779193527.4222,1605,3.06,-7.7,7.64,0.4192,0.002141,1
1779193527.5013,1606,3.11,-6.38,7.37,0.4137,0.002699,1
1779193527.6186,1607,3.13,-5.57,7.19,0.4051,0.002269,1
1779193527.682,1608,3.16,-5.31,7.1,0.4054,0.002268,1
1779193527.7652,1609,3.1,-5.47,7.41,0.4068,0.001977,1
1779193527.8423,1610,3.16,-5.01,7.53,0.4093,0.002037,1
1779193527.9185,1611,3.21,-4.71,7.34,0.412,0.001874,1
1779193527.9961,1612,3.18,-4.5,6.94,0.4111,0.002142,1
1779193528.0643,1613,3.2,-4.57,6.55,0.4123,0.002654,1
1779193528.1282,1614,3.03,-5.19,6.77,0.4117,0.003319,1
1779193528.1942,1615,2.99,-4.49,7.22,0.4072,0.003757,1
1779193528.2668,1616,2.89,-3.23,7.44,0.3983,0.004985,1
1779193528.3432,1617,2.7,-3.87,5.91,0.382,0.005124,1
1779193528.4265,1618,2.63,-3.81,5.15,0.3855,0.005028,1
1779193528.5451,1619,2.47,-4.21,4.98,0.3795,0.005367,1
1779193528.6281,1620,2.29,-4.06,4.83,0.3789,0.006105,1
1779193528.7292,1621,2.05,-3.15,4.48,0.3679,0.007453,1
1779193528.8982,1622,2.08,-4.85,4.71,0.3894,0.009449,1
1779193529.01,1623,2.64,-1.34,4.66,0.3675,0.010772,1
1779193529.1036,1624,2.83,1.32,4.35,0.3732,0.010003,1
1779193529.192,1625,2.07,0.14,5.81,0.3816,0.010041,1
1779193529.2909,1626,1.27,-1.73,9.04,0.4031,0.008371,2
1779193529.3943,1627,1.12,-2.92,9.47,0.4611,0.006844,2
1779193529.5066,1628,0.94,-2.84,10.09,0.4558,0.005516,2
1779193529.6156,1629,0.79,-2.1,10.33,0.4184,0.005636,2
1779193529.7273,1630,0.79,-0.66,9.48,0.3993,0.004455,2
1779193529.8633,1631,0.8,0.04,8.73,0.3958,0.003766,2
1779193529.9681,1632,0.86,0.78,8.64,0.3946,0.003672,2
1779193530.0441,1633,0.44,2.0,6.85,0.3911,0.003777,2
1779193530.1164,1634,0.28,1.71,5.93,0.387,0.005504,2
1779193530.1847,1635,0.58,1.42,5.09,0.4011,0.006664,2
1779193530.2849,1636,1.04,0.47,5.21,0.3922,0.011558,2
1779193530.3599,1637,0.83,1.12,6.39,0.4183,0.017024,2
1779193530.4191,1638,2.44,2.39,4.8,0.3762,0.018331,2
1779193530.4734,1639,3.27,4.24,3.68,0.4019,0.018283,2
1779193530.5262,1640,3.77,5.02,2.13,0.4111,0.022525,2
1779193530.5791,1641,3.73,5.81,1.66,0.3991,0.023396,2
1779193530.6374,1642,3.72,5.32,0.73,0.3928,0.022878,2
1779193530.7053,1643,3.7,7.12,0.38,0.3897,0.02195,2
1779193530.7571,1644,4.01,6.78,-0.14,0.3778,0.025343,2
1779193530.818,1645,4.69,8.87,0.28,0.3794,0.020213,2
1779193530.8718,1646,4.59,6.03,-0.32,0.392,0.016065,2
1779193530.9342,1647,4.9,5.58,-0.79,0.4044,0.01341,2
1779193531.0132,1648,5.14,5.44,-0.68,0.3872,0.013801,2
1779193531.0891,1649,5.3,5.28,-0.79,0.3935,0.011794,2
1779193531.1555,1650,5.62,6.13,-0.49,0.3946,0.013626,2
1779193531.2212,1651,5.67,6.08,-0.73,0.3928,0.012306,2
1779193531.2942,1652,5.52,5.22,-0.64,0.395,0.009461,2
1779193531.3666,1653,5.46,6.32,-0.3,0.4002,0.008273,2
1779193531.4418,1654,5.44,4.63,1.68,0.4047,0.006945,2
1779193531.5318,1655,4.64,3.64,4.57,0.3492,0.005261,2
1779193531.6151,1656,-174.98,-7.64,0.7,0.3258,0.00487,2
1779193531.7222,1657,-174.9,-7.22,2.03,0.3068,0.005336,2
1779193531.8198,1658,-174.16,-6.38,4.28,0.3417,0.005256,2
1779193531.9015,1659,-172.47,-5.26,11.39,0.3241,0.004078,2
1779193531.9888,1660,-170.69,-4.8,17.7,0.3673,0.003757,2
1779193532.0726,1661,-171.46,-3.84,18.72,0.3588,0.003762,2
1779193532.1401,1662,-171.42,-1.69,19.91,0.3347,0.003209,2
1779193532.2019,1663,-171.36,-1.29,21.87,0.3603,0.003198,2
1779193532.276,1664,-170.61,0.25,21.38,0.3665,0.003402,2
1779193532.3463,1665,-169.35,-2.41,22.74,0.3452,0.004061,2
1779193532.4254,1666,-167.37,-1.87,20.76,0.3713,0.004182,2
1779193532.5059,1667,-166.26,-3.7,20.39,0.3569,0.00419,2
1779193532.5848,1668,-165.55,-2.69,21.61,0.3207,0.005529,2
1779193532.6669,1669,-165.59,-2.28,21.24,0.3201,0.006433,2
1779193532.745,1670,-165.67,-2.13,21.55,0.312,0.006767,2
1779193532.8209,1671,-165.88,-2.57,21.59,0.2973,0.006568,2
1779193532.8969,1672,-166.17,-2.79,22.11,0.2931,0.006317,2
1779193532.9741,1673,-166.83,-2.12,23.18,0.2856,0.005634,2
1779193533.0498,1674,-167.77,-1.85,22.29,0.2555,0.004772,2
1779193533.1123,1675,-168.19,-1.81,22.05,0.2513,0.005229,2
1779193533.1742,1676,-168.53,-1.28,20.52,0.234,0.006221,2
1779193533.2476,1677,-168.61,0.13,21.38,0.2381,0.00688,2
1779193533.3256,1678,-169.35,0.82,19.17,0.2903,0.006889,2
1779193533.4037,1679,-170.12,0.07,18.07,0.3141,0.00576,2
1779193533.4778,1680,-169.92,1.19,17.95,0.3214,0.004822,2
1779193533.5577,1681,-170.15,1.25,17.28,0.289,0.003642,2
1779193533.6362,1682,-170.17,1.38,16.86,0.2983,0.003178,2
1779193533.7148,1683,-170.14,1.78,16.51,0.3114,0.003061,2
1779193533.7914,1684,-169.9,1.04,16.08,0.2845,0.003302,2
1779193533.862,1685,-169.75,0.88,15.72,0.2922,0.002948,2
1779193533.9428,1686,-169.54,1.22,14.6,0.2884,0.00442,2
1779193534.0206,1687,-169.76,2.48,13.1,0.3076,0.005909,2
1779193534.0907,1688,-169.88,2.99,11.7,0.3061,0.006582,2
1779193534.1546,1689,-170.2,3.09,10.94,0.3041,0.006804,2
1779193534.2314,1690,-170.0,3.26,11.02,0.2609,0.007109,2
1779193534.3071,1691,-169.75,3.84,10.21,0.2519,0.006905,2
1779193534.3825,1692,-169.65,3.62,10.2,0.2884,0.006223,2
1779193534.4621,1693,-169.47,3.73,9.76,0.2599,0.005455,2
1779193534.5586,1694,-169.61,3.74,9.71,0.2605,0.005049,2
1779193534.6189,1695,-169.69,3.68,9.7,0.2621,0.004491,2
1779193534.6979,1696,-169.67,3.79,9.7,0.2629,0.004148,2
1779193534.7763,1697,-169.68,4.5,8.75,0.2685,0.004536,2
1779193534.8455,1698,-169.51,4.59,8.06,0.281,0.004156,2
1779193534.9348,1699,-169.11,2.39,8.26,0.2723,0.005521,2
1779193535.029,1700,-168.98,1.76,8.28,0.2677,0.006911,2
1779193535.1022,1701,-168.85,1.66,7.68,0.2692,0.007103,2
1779193535.1667,1702,-168.6,0.96,8.14,0.2671,0.006436,2
1779193535.2452,1703,-168.49,0.3,8.29,0.2676,0.0081,2
1779193535.3204,1704,-168.36,0.45,8.26,0.2699,0.007864,2
1779193535.4017,1705,-168.56,-0.36,8.75,0.2845,0.006717,2
1779193535.4792,1706,-168.66,-0.5,9.08,0.2736,0.00566,2
1779193535.5639,1707,-168.8,0.66,9.29,0.2653,0.005601,2
1779193535.6468,1708,-168.97,2.02,9.31,0.2555,0.005325,2
1779193535.7257,1709,-169.12,1.85,8.58,0.2663,0.004253,2
1779193535.8087,1710,-169.25,1.97,8.65,0.2911,0.004304,2
1779193535.8867,1711,-169.15,2.79,8.14,0.2764,0.006175,2
1779193535.9738,1712,-169.27,3.15,7.89,0.2721,0.005885,2
1779193536.0486,1713,-169.36,2.49,7.93,0.2675,0.004623,2
1779193536.1175,1714,-169.52,3.17,7.54,0.2671,0.0048,2
1779193536.1883,1715,-169.72,2.97,7.92,0.2726,0.004055,2
1779193536.2608,1716,-169.97,2.86,8.48,0.2674,0.003025,2
1779193536.3403,1717,-170.04,3.31,8.76,0.2765,0.003212,2
1779193536.4133,1718,-169.91,2.91,8.48,0.2765,0.003843,2
1779193536.4928,1719,-169.89,3.36,8.51,0.2799,0.003673,2
1779193536.5658,1720,-170.04,3.77,8.43,0.2733,0.004305,2
1779193536.6449,1721,-169.96,4.32,8.46,0.2597,0.004454,2
1779193536.7257,1722,-170.06,4.63,8.48,0.256,0.004188,2
1779193536.807,1723,-170.23,5.2,8.96,0.2512,0.004432,2
1779193536.8873,1724,-170.48,5.13,8.7,0.2458,0.007258,2
1779193536.9659,1725,-170.87,5.64,8.86,0.2363,0.009037,2
1779193537.048,1726,-170.95,5.83,8.84,0.2336,0.008521,2
1779193537.1151,1727,-170.91,5.82,8.62,0.2286,0.011038,2
1779193537.1811,1728,-171.0,6.09,8.24,0.2284,0.011614,2
1779193537.2593,1729,-171.14,5.99,8.06,0.2349,0.009132,2
1779193537.3303,1730,-171.53,6.15,8.84,0.2467,0.009599,2
1779193537.444,1731,-171.66,5.71,8.49,0.2317,0.009694,2
1779193537.5318,1732,-171.59,6.93,7.84,0.2465,0.007161,2
1779193537.5845,1733,-171.72,7.24,7.39,0.2602,0.005822,2
1779193537.6441,1734,-171.79,8.05,7.27,0.2839,0.005396,2
1779193537.7204,1735,-171.74,7.6,7.41,0.2608,0.002425,2
1779193537.7702,1736,-171.82,7.43,7.34,0.2675,0.001846,2
1779193537.8387,1737,-171.83,7.16,7.47,0.2755,0.003409,2
1779193537.9161,1738,-171.78,7.66,7.14,0.2821,0.003818,2
1779193537.9867,1739,-171.66,7.44,6.96,0.2753,0.003985,2
1779193538.0562,1740,-171.69,7.53,6.9,0.2726,0.00531,2
1779193538.1197,1741,-171.72,7.78,6.92,0.2842,0.007378,2
1779193538.1861,1742,-171.52,7.34,7.35,0.2553,0.007181,2
1779193538.2622,1743,-171.57,7.24,7.6,0.2509,0.007269,2
1779193538.336,1744,-171.56,6.78,7.56,0.2449,0.007376,2
1779193538.4099,1745,-171.56,6.68,7.55,0.2397,0.00693,2
1779193538.4932,1746,-171.48,7.03,7.35,0.2575,0.005963,2
1779193538.5697,1747,-171.42,6.83,7.42,0.2571,0.00463,2
1779193538.6538,1748,-171.6,6.55,7.43,0.2534,0.003932,2
1779193538.7309,1749,-172.0,8.48,6.77,0.373,0.003803,2
1779193538.8124,1750,-172.18,10.22,6.09,0.4371,0.004457,2
1779193538.8943,1751,-172.34,10.78,5.88,0.4454,0.003918,2
1779193538.9689,1752,-172.38,10.44,5.52,0.4454,0.003795,2
1779193539.0426,1753,-172.35,9.96,5.47,0.4422,0.003447,2
1779193539.106,1754,-172.35,9.84,5.58,0.4493,0.003984,2
1779193539.1688,1755,-172.25,9.4,5.7,0.4506,0.002906,2
1779193539.2407,1756,-172.29,9.17,5.74,0.4515,0.002522,2
1779193539.3209,1757,-172.19,8.62,6.18,0.4504,0.002954,2
1779193539.3945,1758,-172.22,8.6,6.08,0.4514,0.003724,2
1779193539.4682,1759,-172.25,8.64,5.89,0.4511,0.004428,2
1779193539.5454,1760,-172.19,8.84,5.76,0.4529,0.005831,2
1779193539.6223,1761,-172.12,8.92,5.63,0.4542,0.007796,2
1779193539.7049,1762,-172.15,8.89,5.52,0.4573,0.009512,2
1779193539.7865,1763,-172.12,8.78,5.58,0.4576,0.009947,2
1779193539.877,1764,-172.19,8.86,5.61,0.457,0.009077,2
1779193539.9577,1765,-172.22,8.86,5.52,0.4544,0.007479,2
1779193540.0361,1766,-172.21,8.87,5.54,0.4553,0.006941,2
1779193540.1002,1767,-172.25,9.17,5.44,0.4559,0.005754,2
1779193540.1629,1768,-172.22,9.03,5.48,0.4549,0.005228,2
1779193540.2308,1769,-172.29,9.14,5.21,0.455,0.004676,2
1779193540.3061,1770,-172.29,8.9,5.33,0.4547,0.004541,2
1779193540.3739,1771,-172.36,9.24,5.04,0.4506,0.002716,2
1779193540.4857,1772,-172.34,9.11,4.88,0.4505,0.0015,2
1779193540.5675,1773,-172.37,9.13,4.87,0.4551,0.000871,2
1779193540.6387,1774,-172.33,9.09,4.94,0.454,0.002036,2
1779193540.7199,1775,-172.35,9.05,4.85,0.455,0.001936,2
1779193540.8488,1776,-172.34,9.03,4.8,0.4562,0.002886,2
1779193540.9193,1777,-172.36,9.27,4.7,0.452,0.004214,2
1779193540.9844,1778,-172.33,9.18,4.78,0.4496,0.004768,2
1779193541.0696,1779,-172.29,9.24,5.09,0.4428,0.003858,2
1779193541.1353,1780,-172.4,9.64,4.95,0.4418,0.003971,2
1779193541.2028,1781,-172.45,9.79,4.8,0.4419,0.003362,2
1779193541.2727,1782,-172.43,9.93,4.72,0.4398,0.003059,2
1779193541.3541,1783,-172.34,9.79,4.89,0.4415,0.003538,2
1779193541.4289,1784,-172.36,9.74,4.86,0.445,0.003978,2
1779193541.51,1785,-172.39,9.47,4.98,0.4445,0.004214,2
1779193541.5892,1786,-172.47,9.71,4.97,0.4442,0.004902,2
1779193541.6696,1787,-172.46,9.57,4.97,0.4433,0.006082,2
1779193541.7501,1788,-172.44,9.75,4.78,0.4424,0.007232,2
1779193541.8222,1789,-172.48,10.0,4.42,0.4394,0.008438,2
1779193541.8963,1790,-172.51,10.16,4.22,0.4387,0.008456,2
1779193541.9749,1791,-172.49,10.16,4.29,0.4391,0.007446,2
1779193542.0522,1792,-172.43,9.97,4.54,0.442,0.006146,2
1779193542.1166,1793,-172.52,9.96,4.58,0.4547,0.004728,2
1779193542.1779,1794,-172.52,10.08,4.65,0.4595,0.003028,2
1779193542.2478,1795,-172.49,9.99,4.72,0.4627,0.004107,2
1779193542.3252,1796,-172.47,9.63,4.71,0.465,0.004284,2
1779193542.4031,1797,-172.53,9.57,4.71,0.4648,0.004494,2
1779193542.4811,1798,-172.52,9.42,4.98,0.4622,0.005355,2
1779193542.5622,1799,-172.49,9.28,5.04,0.464,0.006891,2
1779193542.6285,1800,-172.49,9.25,4.95,0.4654,0.00667,2
1779193542.7101,1801,-172.5,9.28,4.8,0.4668,0.006679,2
1779193542.7877,1802,-172.51,9.52,4.59,0.4677,0.006899,2
1779193542.8617,1803,-172.51,9.55,4.56,0.4659,0.005781,2
1779193542.9419,1804,-172.55,9.61,4.45,0.4658,0.00445,2
1779193543.0308,1805,-172.6,9.83,4.54,0.466,0.00397,2
1779193543.0995,1806,-172.54,9.4,5.04,0.4652,0.004773,2
1779193543.1613,1807,-172.57,9.51,4.97,0.4645,0.004063,2
1779193543.2328,1808,-172.59,9.47,4.96,0.4646,0.004435,2
1779193543.3054,1809,-172.6,9.39,4.93,0.4657,0.004704,2
1779193543.3828,1810,-172.69,9.6,4.84,0.4647,0.004516,2
1779193543.489,1811,-172.73,9.51,4.83,0.4631,0.003981,2
1779193543.5849,1812,-172.71,9.29,5.01,0.4632,0.003642,2
1779193543.6711,1813,-172.74,9.33,5.02,0.4639,0.003004,2
1779193543.7478,1814,-172.71,9.38,4.96,0.4626,0.002203,2
1779193543.8239,1815,-172.75,9.47,4.41,0.4621,0.002995,2
1779193543.9462,1816,-172.75,9.3,4.54,0.4632,0.004324,2
1779193544.0229,1817,-172.76,9.17,4.46,0.4632,0.00571,2
1779193544.0881,1818,-172.78,9.12,4.47,0.4615,0.007284,2
1779193544.1487,1819,-172.78,9.05,4.55,0.4588,0.008499,2
1779193544.2111,1820,-172.79,9.41,4.26,0.4577,0.008178,2
1779193544.2778,1821,-172.85,9.72,4.27,0.456,0.007138,2
1779193544.3551,1822,-172.9,10.25,4.29,0.4564,0.00575,2
1779193544.4287,1823,-172.92,10.31,4.39,0.4567,0.004514,2
1779193544.5041,1824,-172.95,10.33,4.28,0.4584,0.004212,2
1779193544.5808,1825,-172.94,10.35,4.33,0.4595,0.005252,2
1779193544.6482,1826,-172.91,10.23,4.29,0.4595,0.00585,2
1779193544.7232,1827,-172.9,10.19,4.29,0.4595,0.005944,2
1779193544.8009,1828,-172.86,10.22,4.3,0.4582,0.005722,2
1779193544.8826,1829,-172.82,10.03,4.39,0.4592,0.005559,2
1779193544.9631,1830,-172.78,10.03,4.47,0.4582,0.003604,2
1779193545.0384,1831,-172.78,10.3,4.45,0.4578,0.002505,2
1779193545.103,1832,-172.76,10.27,4.39,0.4586,0.002421,2
1779193545.1683,1833,-172.75,10.23,4.29,0.4581,0.002012,2
1779193545.2366,1834,-172.77,10.39,4.14,0.4592,0.001565,2
1779193545.3112,1835,-172.76,10.48,4.15,0.4591,0.002934,2
1779193545.3858,1836,-172.77,10.49,4.06,0.4593,0.005611,2
1779193545.465,1837,-172.75,10.23,4.09,0.4592,0.006946,2
1779193545.5453,1838,-172.78,10.27,4.02,0.4591,0.007832,2
1779193545.6259,1839,-172.74,10.35,4.18,0.4567,0.00862,2
1779193545.6992,1840,-172.74,10.21,4.06,0.4574,0.0083,2
1779193545.7604,1841,-172.74,10.12,4.22,0.4572,0.005962,2
1779193545.842,1842,-172.77,10.31,4.51,0.4556,0.00534,2
1779193545.916,1843,-173.05,8.96,4.71,0.4081,0.006315,2
1779193545.996,1844,-172.78,8.09,6.02,0.3298,0.006807,2
1779193546.0648,1845,-172.9,10.45,5.72,0.3162,0.007758,2
1779193546.129,1846,-172.74,10.64,6.48,0.3203,0.007954,2
1779193546.1905,1847,-172.35,10.43,6.96,0.2916,0.007727,2
1779193546.2614,1848,-172.35,10.42,7.11,0.3078,0.005807,2
1779193546.3344,1849,-172.27,10.16,7.03,0.3093,0.004442,2
1779193546.4125,1850,-172.28,10.07,7.28,0.3037,0.002406,2
1779193546.5067,1851,-172.28,9.59,7.34,0.3047,0.001574,2
1779193546.5929,1852,-172.41,8.81,7.48,0.3092,0.001203,2
1779193546.6755,1853,-172.3,9.26,8.53,0.3098,0.001474,2
1779193546.7718,1854,-171.56,7.41,12.68,0.3006,0.00196,2
1779193546.8729,1855,-171.4,7.18,12.32,0.304,0.002135,2
1779193546.946,1856,-171.59,6.16,12.66,0.2825,0.002258,2
1779193547.021,1857,-171.66,6.81,12.41,0.2879,0.001852,2
1779193547.0884,1858,-171.69,7.54,11.56,0.3082,0.001882,2
1779193547.1543,1859,-171.76,7.66,11.47,0.3576,0.001592,2
1779193547.2219,1860,-171.88,7.56,11.47,0.3977,0.001811,2
1779193547.2952,1861,-171.37,5.6,15.92,0.4196,0.002908,2
1779193547.3696,1862,-170.35,6.27,17.59,0.4289,0.004149,2
1779193547.4426,1863,-170.43,6.1,18.4,0.4219,0.006422,2
1779193547.5203,1864,-171.35,2.21,23.3,0.3856,0.008502,2
1779193547.5979,1865,-169.71,2.39,27.39,0.3041,0.009018,2
1779193547.6772,1866,-168.37,3.17,30.05,0.2977,0.008036,2
1779193547.7549,1867,-168.01,2.76,29.82,0.2547,0.00778,2
1779193547.8384,1868,-167.21,2.7,31.19,0.2601,0.006715,2
1779193547.9178,1869,-166.75,0.9,32.63,0.2628,0.006009,2
1779193548.0013,1870,-165.42,-0.82,32.19,0.2688,0.006938,2
1779193548.0758,1871,-164.67,-1.7,34.12,0.241,0.00807,2
1779193548.1409,1872,-164.09,-2.23,33.93,0.247,0.008683,2
1779193548.2087,1873,-164.18,-2.03,32.37,0.2569,0.008264,2
1779193548.2828,1874,-164.33,-2.52,31.91,0.2513,0.006989,2
1779193548.3548,1875,-164.4,-1.59,31.73,0.266,0.006154,2
1779193548.4411,1876,-164.96,-1.23,29.75,0.2934,0.005926,2
1779193548.5181,1877,-165.1,-0.53,28.28,0.2726,0.004777,2
1779193548.5874,1878,-165.17,-0.31,27.41,0.2727,0.00375,2
1779193548.6668,1879,-165.65,-0.36,27.22,0.2655,0.003692,2
1779193548.743,1880,-164.95,1.89,26.96,0.2957,0.002633,2
1779193548.8235,1881,-165.45,0.28,27.02,0.2775,0.001533,2
1779193548.8988,1882,-165.65,-0.12,26.71,0.2789,0.001651,2
1779193548.9777,1883,-165.85,-0.41,26.41,0.2723,0.003642,2
1779193549.0613,1884,-165.84,-0.3,26.58,0.2648,0.005114,2
1779193549.1318,1885,-165.86,-0.16,26.72,0.2762,0.005489,2
1779193549.193,1886,-165.7,0.17,26.66,0.2862,0.005982,2
1779193549.2623,1887,-165.65,1.16,25.84,0.2907,0.005577,2
1779193549.3375,1888,-165.55,0.99,26.99,0.2775,0.004542,2
1779193549.4063,1889,-165.66,1.1,25.37,0.3142,0.003826,2
1779193549.5076,1890,-165.86,0.77,25.3,0.3043,0.004979,2
1779193549.6092,1891,-165.84,1.23,24.78,0.2978,0.005294,2
1779193549.6823,1892,-166.05,1.25,24.33,0.3149,0.006609,2
1779193549.7556,1893,-166.07,1.12,24.25,0.3039,0.006282,2
1779193549.847,1894,-166.16,1.02,24.11,0.2981,0.005835,2
1779193549.9405,1895,-166.11,0.88,24.58,0.2828,0.004369,2
1779193550.0094,1896,-165.97,1.08,24.94,0.2808,0.003915,2
1779193550.0824,1897,-165.93,1.6,25.28,0.2873,0.002855,2
1779193550.1459,1898,-166.0,1.6,25.16,0.2868,0.002989,2
1779193550.2223,1899,-166.08,2.17,24.07,0.3056,0.002449,2
1779193550.2967,1900,-166.24,1.5,23.48,0.289,0.003319,2
1779193550.3692,1901,-166.22,1.84,23.36,0.2886,0.003146,2
1779193550.4499,1902,-166.2,1.93,22.99,0.3107,0.004181,2
1779193550.5276,1903,-166.13,2.55,22.25,0.3037,0.005157,2
1779193550.6083,1904,-166.08,2.38,22.29,0.2956,0.006178,2
1779193550.6863,1905,-166.15,2.82,21.82,0.3264,0.006163,2
1779193550.7686,1906,-166.13,2.57,21.64,0.3106,0.006358,2
1779193550.8447,1907,-166.12,2.45,21.44,0.3055,0.005485,2
1779193550.9251,1908,-166.16,2.35,21.03,0.3055,0.004605,2
1779193550.9886,1909,-166.22,2.87,19.98,0.3156,0.004853,2
1779193551.0406,1910,-166.19,3.77,19.93,0.316,0.00483,2
1779193551.1053,1911,-166.28,4.07,19.12,0.3213,0.005774,2
1779193551.1727,1912,-166.49,3.45,18.84,0.3116,0.006538,2
1779193551.2421,1913,-166.53,3.69,18.68,0.3113,0.007529,2
1779193551.3118,1914,-166.46,4.17,18.63,0.3147,0.007707,2
1779193551.3809,1915,-166.74,3.57,18.92,0.3201,0.008794,2
1779193551.4608,1916,-166.97,3.16,18.71,0.3092,0.008906,2
1779193551.5406,1917,-166.8,2.93,18.34,0.305,0.007924,2
1779193551.6199,1918,-166.69,2.69,18.48,0.3039,0.006395,2
1779193551.6975,1919,-166.63,2.48,18.57,0.2963,0.00507,2
1779193551.775,1920,-166.63,2.58,17.81,0.2914,0.003699,2
1779193551.8433,1921,-166.69,3.18,17.57,0.2942,0.002841,2
1779193551.9089,1922,-166.72,3.55,17.8,0.2911,0.004352,2
1779193551.9791,1923,-166.81,3.18,18.1,0.2817,0.006599,2
1779193552.0498,1924,-166.87,3.2,17.91,0.2734,0.009137,2
1779193552.1158,1925,-166.9,3.34,17.84,0.2754,0.010543,2
1779193552.1743,1926,-166.99,3.21,17.84,0.2748,0.010936,2
1779193552.2429,1927,-166.98,3.26,17.7,0.2739,0.010795,2
1779193552.3182,1928,-167.07,3.61,17.85,0.2736,0.009802,2
1779193552.3776,1929,-167.24,3.29,18.08,0.2718,0.007599,2
1779193552.4352,1930,-167.16,3.82,18.3,0.2731,0.005908,2
1779193552.4891,1931,-167.12,3.57,18.59,0.2718,0.005396,2
1779193552.5404,1932,-167.14,3.95,18.6,0.2792,0.004475,2
1779193552.5901,1933,-167.15,3.89,18.45,0.2793,0.004103,2
1779193552.6431,1934,-167.22,3.65,18.21,0.2788,0.003845,2
1779193552.7223,1935,-167.27,3.57,18.53,0.2662,0.003837,2
1779193552.8097,1936,-167.19,3.59,18.75,0.2636,0.004525,2
1779193552.8883,1937,-167.15,3.62,18.89,0.2619,0.004246,2
1779193552.9668,1938,-167.18,3.56,18.85,0.2629,0.003296,2
1779193553.04,1939,-167.31,3.61,18.83,0.2595,0.003454,2
1779193553.1102,1940,-167.52,4.0,18.63,0.2536,0.003713,2
1779193553.1734,1941,-167.51,3.87,18.75,0.2499,0.002793,2
1779193553.2455,1942,-167.52,3.64,19.09,0.25,0.002395,2
1779193553.3121,1943,-167.57,3.99,18.91,0.2541,0.00247,2
1779193553.3833,1944,-167.52,4.14,18.79,0.2466,0.003307,2
1779193553.4619,1945,-167.62,4.18,18.64,0.2555,0.003305,2
1779193553.5364,1946,-167.58,4.47,18.45,0.2555,0.005062,2
1779193553.6119,1947,-167.6,4.25,18.51,0.2521,0.006255,2
1779193553.6884,1948,-167.64,4.26,18.21,0.2568,0.006115,2
1779193553.7615,1949,-167.65,4.17,18.11,0.2526,0.006383,2
1779193553.8319,1950,-167.67,4.05,18.11,0.2533,0.006814,2
1779193553.9079,1951,-167.69,3.97,18.24,0.2582,0.005391,2
1779193553.9856,1952,-167.65,3.99,18.67,0.257,0.005062,2
1779193554.0551,1953,-167.71,4.23,18.18,0.2545,0.006353,2
1779193554.1179,1954,-167.72,4.5,17.97,0.2528,0.005265,2
1779193554.1855,1955,-167.73,4.41,17.98,0.2527,0.004537,2
1779193554.2524,1956,-167.75,4.37,17.69,0.2492,0.004161,2
1779193554.3254,1957,-167.87,3.87,17.84,0.2392,0.003105,2
1779193554.4026,1958,-168.06,3.45,17.81,0.2398,0.001693,2
1779193554.4789,1959,-167.87,3.71,17.93,0.236,0.001215,2
1779193554.5484,1960,-167.79,3.86,17.54,0.2395,0.001667,2
1779193554.6288,1961,-167.78,3.83,17.45,0.2406,0.001983,2
1779193554.7203,1962,-167.74,3.66,17.37,0.2382,0.002154,2
1779193554.7847,1963,-167.69,4.06,17.14,0.2392,0.003109,2
1779193554.8713,1964,-167.75,4.1,16.87,0.2433,0.003926,2
1779193554.9492,1965,-167.77,4.21,16.78,0.2348,0.004404,2
1779193555.0287,1966,-167.79,4.06,17.03,0.2316,0.006104,2
1779193555.0961,1967,-167.71,3.85,17.66,0.2308,0.00801,2
1779193555.1643,1968,-167.66,3.67,18.04,0.2315,0.007654,2
1779193555.2301,1969,-167.74,3.66,18.32,0.234,0.006749,2
1779193555.3084,1970,-167.78,3.8,18.25,0.2295,0.005553,2
1779193555.3825,1971,-168.03,3.57,17.95,0.2405,0.003332,2
1779193555.4453,1972,-168.03,3.16,18.07,0.2384,0.001365,2
1779193555.5408,1973,-167.97,3.05,18.36,0.231,0.001193,2
1779193555.6441,1974,-167.93,3.32,18.34,0.2383,0.002016,2
1779193555.7217,1975,-167.92,3.28,18.51,0.24,0.00345,2
1779193555.8021,1976,-167.82,4.06,18.48,0.2524,0.004618,2
1779193555.9151,1977,-167.77,4.16,18.47,0.2663,0.006009,2
1779193555.9968,1978,-167.77,4.23,18.17,0.2732,0.006269,2
1779193556.0675,1979,-167.94,4.42,17.55,0.2729,0.007826,2
1779193556.1308,1980,-167.91,4.27,17.49,0.2715,0.008444,2
1779193556.1972,1981,-167.91,4.23,17.43,0.2694,0.009033,2
1779193556.273,1982,-167.93,4.02,17.05,0.2645,0.00864,2
1779193556.3508,1983,-167.91,3.71,17.1,0.2564,0.007911,2
1779193556.431,1984,-168.02,3.75,16.91,0.2529,0.006097,2
1779193556.5125,1985,-168.07,3.48,16.65,0.2565,0.005162,2
1779193556.5928,1986,-167.99,3.83,16.42,0.2586,0.003305,2
1779193556.6677,1987,-168.0,3.96,16.27,0.2542,0.00305,2
1779193556.7527,1988,-168.01,3.83,16.33,0.2504,0.003308,2
1779193556.8334,1989,-168.1,3.71,16.47,0.2553,0.002968,2
1779193556.9088,1990,-168.08,3.23,16.9,0.2541,0.002083,2
1779193556.9918,1991,-168.08,3.45,17.06,0.2583,0.002514,2
1779193557.065,1992,-168.08,3.51,17.03,0.2584,0.002076,2
1779193557.1303,1993,-168.04,3.38,17.37,0.2625,0.001862,2
1779193557.1943,1994,-167.97,3.55,17.44,0.257,0.001706,2
1779193557.2628,1995,-168.0,3.27,17.46,0.2553,0.001844,2
1779193557.3373,1996,-168.09,3.07,17.61,0.253,0.001973,2
1779193557.4068,1997,-168.21,2.8,17.56,0.2518,0.003142,2
1779193557.4845,1998,-168.18,2.8,17.83,0.2441,0.00353,2
1779193557.5611,1999,-168.33,2.91,17.61,0.2404,0.003757,2
1779193557.6391,2000,-168.33,3.43,16.75,0.251,0.003621,2
1779193557.7169,2001,-168.3,3.22,16.84,0.2624,0.004047,2
1779193557.7977,2002,-168.35,3.6,16.78,0.2646,0.002876,2
1779193557.8765,2003,-168.31,3.73,16.59,0.2635,0.002952,2
1779193557.9519,2004,-168.16,4.42,16.3,0.2516,0.003439,2
1779193558.0301,2005,-168.2,4.64,16.18,0.2482,0.004654,2
1779193558.0958,2006,-168.19,4.46,16.33,0.2505,0.004926,2
1779193558.161,2007,-168.31,4.79,15.67,0.266,0.00563,2
1779193558.2295,2008,-168.31,4.88,15.41,0.2701,0.005472,2
1779193558.3061,2009,-168.46,4.44,15.35,0.276,0.004778,2
1779193558.3854,2010,-168.43,4.28,15.38,0.2873,0.003368,2
1779193558.4685,2011,-168.55,4.08,15.71,0.2819,0.003071,2
1779193558.5492,2012,-168.46,3.88,16.15,0.2822,0.002346,2
1779193558.615,2013,-168.52,4.0,16.24,0.2743,0.002247,2
1779193558.6818,2014,-168.36,3.84,16.64,0.2734,0.00207,2
1779193558.7863,2015,-168.4,3.65,16.63,0.2708,0.002195,2
1779193558.8804,2016,-168.43,4.0,16.43,0.2856,0.002463,2
1779193558.9765,2017,-168.42,4.02,16.28,0.2841,0.003672,2
1779193559.0536,2018,-168.44,4.1,16.26,0.2834,0.004226,2
1779193559.1216,2019,-168.38,4.42,16.1,0.288,0.004925,2
1779193559.1822,2020,-168.26,4.56,16.13,0.2837,0.005316,2
1779193559.2458,2021,-168.35,4.68,15.95,0.2924,0.004708,2
1779193559.3044,2022,-168.44,4.59,15.91,0.3001,0.004421,2
1779193559.3812,2023,-168.33,5.26,15.79,0.2844,0.003597,2
1779193559.4559,2024,-168.36,5.1,15.95,0.2811,0.003639,2
1779193559.5293,2025,-168.46,4.89,15.9,0.289,0.003428,2
1779193559.6088,2026,-168.4,5.02,15.72,0.2788,0.003203,2
1779193559.6705,2027,-168.45,4.94,15.93,0.2762,0.003246,2
1779193559.7288,2028,-168.35,4.97,16.03,0.2674,0.003408,2
1779193559.7805,2029,-168.35,5.02,16.13,0.2678,0.004745,2
1779193559.8345,2030,-168.34,4.91,16.15,0.2688,0.006711,2
1779193559.8976,2031,-168.11,4.91,16.51,0.2498,0.007828,2
1779193559.963,2032,-168.09,4.62,16.93,0.2458,0.008122,2
1779193560.0178,2033,-168.09,4.52,17.15,0.2404,0.010122,2
1779193560.0669,2034,-168.11,4.59,17.37,0.2495,0.010734,2
1779193560.1147,2035,-168.19,4.54,17.26,0.2535,0.010508,2
1779193560.1673,2036,-168.17,4.38,17.3,0.2665,0.011284,2
1779193560.2171,2037,-168.17,4.36,17.28,0.26,0.01078,2
1779193560.2713,2038,-168.07,4.59,17.12,0.2636,0.009425,2
1779193560.3379,2039,-168.03,4.48,16.95,0.2652,0.007306,2
1779193560.4133,2040,-167.94,4.54,16.85,0.2667,0.0064,2
1779193560.4848,2041,-167.88,4.47,16.85,0.2666,0.00531,2
1779193560.5629,2042,-167.94,4.25,16.65,0.2679,0.004492,2
1779193560.6391,2043,-168.03,4.5,16.33,0.2621,0.003906,2
1779193560.7169,2044,-168.21,4.8,16.07,0.2585,0.004354,2
1779193560.7892,2045,-168.28,4.77,15.96,0.2753,0.004206,2
1779193560.8612,2046,-168.25,4.89,15.84,0.2787,0.003912,2
1779193560.9368,2047,-168.24,4.65,16.0,0.2757,0.00409,2
1779193561.0148,2048,-168.25,4.64,16.18,0.2685,0.004026,2
1779193561.0863,2049,-168.2,4.6,16.58,0.2692,0.003311,2
1779193561.1601,2050,-168.14,4.56,16.83,0.256,0.00286,2
1779193561.2328,2051,-168.11,4.74,16.81,0.2499,0.002237,2
1779193561.3033,2052,-168.1,4.65,16.78,0.2464,0.00201,2
1779193561.3743,2053,-168.22,4.45,16.63,0.2421,0.002419,2
1779193561.4589,2054,-168.39,4.16,16.53,0.2504,0.00227,2
1779193561.5163,2055,-168.25,4.21,16.64,0.2518,0.001864,2
1779193561.5944,2056,-168.25,4.37,16.54,0.2496,0.002553,2
1779193561.6868,2057,-168.3,4.36,16.4,0.2533,0.002769,2
1779193561.7778,2058,-168.36,4.72,16.09,0.2586,0.003365,2
1779193561.8612,2059,-168.32,4.68,16.09,0.2708,0.003653,2
1779193561.9698,2060,-168.23,4.68,16.16,0.2756,0.003668,2
1779193562.0479,2061,-168.2,4.75,16.19,0.267,0.003288,2
1779193562.1127,2062,-168.22,4.83,16.18,0.256,0.003496,2
1779193562.1739,2063,-168.24,4.73,16.11,0.2537,0.003675,2
1779193562.2457,2064,-168.28,4.6,16.28,0.2552,0.003545,2
1779193562.319,2065,-168.46,4.59,16.22,0.2623,0.003368,2
1779193562.3966,2066,-168.5,5.11,15.94,0.2558,0.003527,2
1779193562.465,2067,-168.41,4.85,16.18,0.2583,0.003305,2
1779193562.5358,2068,-168.4,4.55,16.83,0.2412,0.003594,2
1779193562.5952,2069,-168.47,4.87,16.23,0.2432,0.004647,2
1779193562.6684,2070,-168.51,4.85,16.3,0.2547,0.005206,2
1779193562.7397,2071,-168.54,4.62,16.36,0.2652,0.005476,2
1779193562.8096,2072,-168.56,4.37,16.24,0.2711,0.006753,2
1779193562.8737,2073,-168.51,4.38,16.54,0.2749,0.00587,2
1779193562.9297,2074,-168.54,4.65,16.3,0.282,0.00522,2
1779193563.0102,2075,-168.48,4.91,16.04,0.2752,0.005911,2
1779193563.0804,2076,-168.59,5.15,16.01,0.2736,0.006481,2
1779193563.1448,2077,-168.62,5.17,16.38,0.267,0.006869,2
1779193563.2116,2078,-168.61,5.17,16.74,0.2622,0.007506,2
1779193563.2858,2079,-168.47,5.27,16.91,0.2509,0.007887,2
1779193563.3624,2080,-168.45,5.07,16.65,0.2464,0.00744,2
1779193563.4311,2081,-168.47,4.95,16.67,0.253,0.006549,2
1779193563.5096,2082,-168.6,4.75,16.54,0.2602,0.004963,2
1779193563.5867,2083,-168.59,4.93,16.29,0.2576,0.004426,2
1779193563.6445,2084,-168.56,4.81,16.49,0.2565,0.003944,2
1779193563.7128,2085,-168.55,4.97,16.48,0.256,0.003297,2
1779193563.7973,2086,-168.54,4.99,16.49,0.2568,0.003529,2
1779193563.8717,2087,-168.52,5.05,16.46,0.2605,0.003628,2
1779193563.9499,2088,-168.52,5.18,16.52,0.2645,0.003892,2
1779193564.0394,2089,-168.45,5.21,16.54,0.2726,0.004589,2
1779193564.1118,2090,-168.42,5.25,16.46,0.276,0.005838,2
1779193564.1789,2091,-168.41,5.2,16.31,0.2806,0.005605,2
1779193564.2528,2092,-168.43,5.32,16.24,0.2836,0.005077,2
1779193564.319,2093,-168.5,5.09,16.07,0.2836,0.004313,2
1779193564.3933,2094,-168.52,4.94,15.82,0.2761,0.004369,2
1779193564.4808,2095,-168.47,5.05,15.74,0.2661,0.004751,2
1779193564.6056,2096,-168.54,5.15,15.51,0.267,0.005241,2
1779193564.6847,2097,-168.45,5.14,15.57,0.2702,0.006398,2
1779193564.7633,2098,-168.53,4.96,15.69,0.2678,0.006717,2
1779193564.8614,2099,-168.49,5.08,15.94,0.27,0.005437,2
1779193564.9163,2100,-168.45,5.12,16.31,0.265,0.003892,2
1779193564.9799,2101,-168.43,5.23,16.49,0.2658,0.002937,2
1779193565.0597,2102,-168.43,5.5,16.4,0.2608,0.001682,2
1779193565.1268,2103,-168.44,5.37,16.6,0.2599,0.001468,2
1779193565.1899,2104,-168.46,5.21,16.64,0.2615,0.002283,2
1779193565.2667,2105,-168.45,4.96,16.64,0.2603,0.002827,2
1779193565.3372,2106,-168.43,4.92,16.56,0.2613,0.002931,2
1779193565.4137,2107,-168.45,5.08,16.16,0.2719,0.003059,2
1779193565.4949,2108,-168.38,4.86,16.26,0.2787,0.003309,2
1779193565.5751,2109,-168.5,4.68,15.96,0.3054,0.003037,2
1779193565.6587,2110,-168.57,4.5,15.29,0.3347,0.003273,2
1779193565.7369,2111,-168.56,4.78,14.92,0.346,0.003997,2
1779193565.8052,2112,-168.59,5.01,14.82,0.347,0.004899,2
1779193565.8629,2113,-168.62,5.26,14.93,0.3356,0.0049,2
1779193565.9399,2114,-168.55,5.21,15.37,0.3111,0.004899,2
1779193566.0202,2115,-168.72,5.04,15.24,0.3008,0.00485,2
1779193566.088,2116,-168.57,5.18,15.36,0.2912,0.004491,2
1779193566.1443,2117,-168.52,5.19,15.71,0.281,0.003623,2
1779193566.2018,2118,-168.79,5.75,16.38,0.2807,0.002953,2
1779193566.2787,2119,-168.79,4.65,17.74,0.2911,0.003845,2
1779193566.3529,2120,-168.86,3.77,19.12,0.2597,0.003682,2
1779193566.4311,2121,-169.49,3.31,18.23,0.2621,0.003702,2
1779193566.5019,2122,-169.72,4.73,18.13,0.2992,0.004194,2
1779193566.5576,2123,-170.43,4.52,17.64,0.3482,0.00441,2
1779193566.6318,2124,-170.79,4.04,16.94,0.4132,0.003416,2
1779193566.7121,2125,-170.88,4.25,17.3,0.4109,0.002726,2
1779193566.7788,2126,-171.01,4.7,17.1,0.4119,0.002415,2
1779193566.8465,2127,-171.25,4.83,17.27,0.4213,0.001928,2
1779193566.9268,2128,-171.24,5.42,16.85,0.4292,0.00195,2
1779193567.0073,2129,-171.79,4.5,17.17,0.4235,0.002794,2
1779193567.0775,2130,-171.83,4.62,17.17,0.4172,0.003253,2
1779193567.1446,2131,-171.23,5.62,19.62,0.4231,0.003327,2
1779193567.2133,2132,-172.17,3.31,20.71,0.4427,0.004265,2
1779193567.2818,2133,-171.14,4.97,20.76,0.4107,0.004573,2
1779193567.3531,2134,-170.39,5.19,23.12,0.383,0.00441,2
1779193567.4227,2135,-171.74,0.75,24.4,0.4072,0.004417,2
1779193567.494,2136,-170.5,2.51,27.32,0.2961,0.004023,2
1779193567.5691,2137,-170.65,2.39,28.19,0.2958,0.004754,2
1779193567.6626,2138,-170.48,1.95,29.31,0.2847,0.005121,2
1779193567.7638,2139,-170.48,1.29,29.25,0.2957,0.005311,2
1779193567.8331,2140,-169.5,1.42,30.46,0.2796,0.006425,2
1779193567.9176,2141,-170.0,0.21,31.14,0.257,0.006779,2
1779193567.9965,2142,-169.44,-0.37,31.55,0.2708,0.0067,2
1779193568.0954,2143,-169.68,-0.71,31.06,0.2735,0.006294,2
1779193568.1546,2144,-169.49,-0.49,30.58,0.2736,0.005877,2
1779193568.2233,2145,-169.55,-0.39,30.51,0.2808,0.005278,2
1779193568.2893,2146,-169.14,-0.43,29.96,0.2871,0.006196,2
1779193568.362,2147,-169.28,-0.92,30.15,0.2547,0.005217,2
1779193568.4433,2148,-169.0,-0.97,30.09,0.26,0.004627,2
1779193568.5226,2149,-169.41,-1.88,29.78,0.2873,0.003783,2
1779193568.5948,2150,-169.15,-1.65,31.03,0.3054,0.002797,2
1779193568.6795,2151,-169.64,-1.26,32.78,0.2902,0.00356,2
1779193568.7564,2152,-169.72,-0.93,32.23,0.2579,0.003635,2
1779193568.8387,2153,-169.96,-1.19,32.54,0.2377,0.003691,2
1779193568.9108,2154,-170.27,-0.98,33.83,0.2217,0.004002,2
1779193568.986,2155,-170.94,-0.79,34.04,0.245,0.004543,2
1779193569.0619,2156,-171.15,1.16,36.82,0.2618,0.003098,2
1779193569.1249,2157,-170.79,1.1,36.49,0.2452,0.002325,2
1779193569.1887,2158,-170.83,1.03,36.26,0.2231,0.00277,2
1779193569.2489,2159,-170.79,1.4,36.23,0.2282,0.002622,2
1779193569.3191,2160,-171.4,1.59,35.48,0.2205,0.003477,2
1779193569.3935,2161,-171.9,2.96,35.3,0.2274,0.004182,2
1779193569.4813,2162,-172.11,3.45,36.06,0.2274,0.005395,2
1779193569.5428,2163,-172.85,2.27,36.44,0.2234,0.006639,2
1779193569.5972,2164,-173.05,3.2,35.9,0.2267,0.008188,2
1779193569.6652,2165,-172.92,4.27,36.07,0.2207,0.008496,2
1779193569.7182,2166,-172.95,4.45,35.23,0.2202,0.007917,2
1779193569.7685,2167,-173.1,4.61,34.42,0.2133,0.00703,2
1779193569.8221,2168,-173.04,4.89,34.56,0.218,0.005478,2
1779193569.8823,2169,-173.45,4.66,33.99,0.2437,0.004113,2
1779193569.9467,2170,-173.36,4.86,34.23,0.2388,0.002779,2
1779193570.0217,2171,-173.47,4.42,34.52,0.2473,0.00212,2
1779193570.0899,2172,-173.46,4.48,34.71,0.2411,0.00224,2
1779193570.1564,2173,-173.63,5.52,34.33,0.239,0.003293,2
1779193570.2261,2174,-173.64,6.37,33.39,0.2347,0.003557,2
1779193570.3019,2175,-173.79,6.33,32.7,0.2397,0.00425,2
1779193570.3798,2176,-174.16,6.23,31.74,0.2805,0.005171,2
1779193570.4788,2177,-174.16,6.65,31.63,0.249,0.005769,2
1779193570.5647,2178,-174.22,6.71,31.36,0.2646,0.006828,2
1779193570.6426,2179,-173.79,6.86,31.37,0.2555,0.006947,2
1779193570.722,2180,-173.59,6.55,31.15,0.2364,0.005924,2
1779193570.8031,2181,-173.78,6.14,32.01,0.237,0.005478,2
1779193570.8991,2182,-173.83,9.08,29.67,0.252,0.004918,2
1779193570.9888,2183,-174.41,8.67,29.64,0.2352,0.002765,2
1779193571.0587,2184,-174.67,9.06,29.62,0.234,0.002566,2
1779193571.1254,2185,-175.17,9.72,28.84,0.23,0.002784,2
1779193571.1955,2186,-175.37,10.57,28.29,0.2347,0.002723,2
1779193571.268,2187,-175.35,10.46,28.09,0.2418,0.002482,2
1779193571.34,2188,-175.56,10.36,27.63,0.2473,0.003108,2
1779193571.4121,2189,-175.61,10.16,27.79,0.2285,0.004495,2
1779193571.4882,2190,-175.79,10.17,27.33,0.2239,0.006013,2
1779193571.5658,2191,-175.68,10.33,26.95,0.2084,0.007304,2
1779193571.6391,2192,-175.38,10.21,26.91,0.2208,0.009555,2
1779193571.7094,2193,-175.16,10.2,27.41,0.2175,0.009706,2
1779193571.7792,2194,-175.32,9.79,27.28,0.2193,0.008918,2
1779193571.8591,2195,-175.21,9.74,27.31,0.2059,0.008262,2
1779193571.9333,2196,-174.99,9.65,27.77,0.2191,0.007225,2
1779193572.0095,2197,-175.12,9.02,28.0,0.2352,0.00495,2
1779193572.0843,2198,-175.2,8.89,27.86,0.241,0.004446,2
1779193572.1487,2199,-175.23,8.82,28.12,0.2283,0.003599,2
1779193572.2192,2200,-175.19,8.8,28.4,0.2198,0.003398,2
1779193572.2884,2201,-175.13,8.97,28.4,0.2273,0.003463,2
1779193572.3599,2202,-175.09,9.41,28.07,0.2328,0.004167,2
1779193572.4355,2203,-175.02,9.45,28.09,0.23,0.004041,2
1779193572.4966,2204,-174.96,9.54,27.66,0.2346,0.004462,2
1779193572.5725,2205,-175.13,9.38,27.5,0.2374,0.004265,2
1779193572.649,2206,-175.09,9.27,27.49,0.2373,0.004828,2
1779193572.7319,2207,-175.1,9.03,27.56,0.2347,0.004283,2
1779193572.8067,2208,-175.02,8.92,27.83,0.2274,0.004213,2
1779193572.8747,2209,-174.95,9.11,27.51,0.2289,0.003749,2
1779193572.9521,2210,-174.91,9.25,27.34,0.2312,0.002886,2
1779193573.0264,2211,-174.98,9.08,27.55,0.2387,0.001753,2
1779193573.0928,2212,-175.03,9.3,27.45,0.2464,0.001665,2
1779193573.1559,2213,-175.17,9.53,27.16,0.254,0.002012,2
1779193573.2209,2214,-175.29,9.41,26.91,0.249,0.001923,2
1779193573.296,2215,-175.51,9.64,26.27,0.239,0.002447,2
1779193573.3818,2216,-175.64,9.6,25.99,0.2378,0.002488,2
1779193573.4941,2217,-175.57,9.65,26.01,0.2438,0.00224,2
1779193573.5769,2218,-175.33,9.43,26.45,0.2201,0.002057,2
1779193573.6579,2219,-175.22,9.47,26.81,0.215,0.002545,2
1779193573.7471,2220,-175.05,9.46,27.26,0.2114,0.00262,2
1779193573.835,2221,-174.81,9.5,27.8,0.2198,0.002371,2
1779193573.9248,2222,-174.67,9.33,27.93,0.2183,0.002462,2
1779193574.0102,2223,-174.65,9.35,28.01,0.2204,0.002829,2
1779193574.0813,2224,-174.73,9.61,27.5,0.2398,0.002491,2
1779193574.1473,2225,-174.84,9.8,26.93,0.2563,0.002511,2
1779193574.2148,2226,-174.81,9.86,27.04,0.2569,0.002715,2
1779193574.2856,2227,-174.84,9.65,26.74,0.2537,0.003458,2
1779193574.3585,2228,-174.94,9.61,26.6,0.251,0.002755,2
1779193574.431,2229,-175.02,9.58,26.28,0.2463,0.003219,2
1779193574.5168,2230,-175.19,9.63,26.05,0.2367,0.003202,2
1779193574.5937,2231,-175.2,9.65,26.32,0.2344,0.003715,2
1779193574.6699,2232,-175.18,10.06,26.11,0.2369,0.003368,2
1779193574.7444,2233,-175.31,9.99,25.82,0.2316,0.003872,2
1779193574.8141,2234,-175.25,9.5,26.18,0.2333,0.003191,2
1779193574.8899,2235,-175.32,9.2,26.28,0.238,0.002679,2
1779193574.9692,2236,-175.29,9.61,26.95,0.2449,0.001961,2
1779193575.0499,2237,-175.4,9.84,26.81,0.2557,0.001515,2
1779193575.1156,2238,-175.29,9.88,26.6,0.267,0.001023,2
1779193575.184,2239,-175.35,10.11,26.35,0.2734,0.000837,2
1779193575.2564,2240,-175.38,10.14,26.61,0.2606,0.000908,2
1779193575.3255,2241,-175.51,10.14,26.36,0.2594,0.001223,2
1779193575.4059,2242,-175.32,10.51,26.0,0.2558,0.001527,2
1779193575.4814,2243,-175.28,10.85,25.37,0.2716,0.001762,2
1779193575.5642,2244,-175.37,10.91,25.02,0.294,0.002129,2
1779193575.6439,2245,-175.32,11.5,24.43,0.3461,0.00217,2
1779193575.7155,2246,-175.49,11.16,24.24,0.3708,0.001977,2
1779193575.8038,2247,-175.53,10.99,23.96,0.3776,0.002111,2
1779193575.8834,2248,-175.43,10.59,23.73,0.3858,0.002607,2
1779193575.961,2249,-175.44,10.72,24.01,0.3874,0.002788,2
1779193576.036,2250,-175.46,9.14,27.18,0.2447,0.002653,2
1779193576.1023,2251,-175.34,9.3,27.28,0.252,0.002894,2
1779193576.169,2252,-175.62,9.21,27.0,0.2486,0.003064,2
1779193576.2349,2253,-175.61,9.25,27.06,0.2627,0.002896,2
1779193576.3077,2254,-175.45,9.02,27.4,0.265,0.00249,2
1779193576.3874,2255,-175.23,8.41,28.1,0.2583,0.00324,2
1779193576.4963,2256,-175.24,8.26,28.02,0.2523,0.003356,2
1779193576.585,2257,-175.51,9.19,27.08,0.2947,0.003002,2
1779193576.6556,2258,-175.31,9.36,27.02,0.28,0.002549,2
1779193576.7566,2259,-174.57,10.84,27.15,0.2513,0.002613,2
1779193576.8652,2260,-174.51,12.24,25.86,0.2644,0.001832,2
1779193576.9443,2261,-174.61,12.97,25.4,0.2547,0.001395,2
1779193577.0132,2262,-174.92,12.44,25.51,0.2368,0.001384,2
1779193577.079,2263,-175.02,11.87,25.95,0.2032,0.001681,2
1779193577.1433,2264,-174.94,11.86,26.02,0.1991,0.002215,2
1779193577.2092,2265,-174.62,11.5,26.55,0.1681,0.002744,2
1779193577.2786,2266,-174.59,11.45,26.8,0.1719,0.003273,2
1779193577.3513,2267,-174.59,11.7,26.68,0.177,0.003993,2
1779193577.4196,2268,-174.43,10.98,26.93,0.1902,0.003716,2
1779193577.5017,2269,-174.46,10.42,26.82,0.1895,0.003059,2
1779193577.5758,2270,-174.5,9.52,27.34,0.2037,0.004344,2
1779193577.6525,2271,-174.51,8.89,28.11,0.2087,0.005046,2
1779193577.7251,2272,-174.7,8.73,27.82,0.2248,0.005112,2
1779193577.8023,2273,-174.6,8.08,28.26,0.2215,0.005202,2
1779193577.8738,2274,-174.36,8.69,28.38,0.2235,0.005361,2
1779193577.9533,2275,-174.46,8.71,27.45,0.2354,0.004599,2
1779193578.0242,2276,-174.23,9.06,27.47,0.2114,0.003824,2
1779193578.0861,2277,-174.21,8.49,27.97,0.2212,0.003143,2
1779193578.1473,2278,-173.83,8.68,28.7,0.2212,0.003466,2
1779193578.2136,2279,-174.11,8.42,29.18,0.2305,0.004731,2
1779193578.2859,2280,-174.05,8.83,30.6,0.2709,0.005983,2
1779193578.3636,2281,-173.8,5.75,34.79,0.2915,0.005885,2
1779193578.4396,2282,-173.4,4.79,35.85,0.2699,0.006104,2
1779193578.5109,2283,-174.04,3.09,34.86,0.2388,0.006067,2
1779193578.5928,2284,-173.43,3.43,36.02,0.219,0.004679,2
1779193578.6674,2285,-174.06,2.41,36.51,0.2307,0.002415,2
1779193578.7482,2286,-173.57,2.33,38.4,0.2126,0.002634,2
1779193578.8243,2287,-173.4,2.13,37.69,0.2191,0.002174,2
1779193578.9015,2288,-172.99,2.71,38.05,0.2443,0.002348,2
1779193578.9865,2289,-173.41,4.06,37.38,0.2322,0.002889,2
1779193579.0678,2290,-173.4,4.91,37.32,0.232,0.002928,2
1779193579.132,2291,-173.6,4.79,36.69,0.2582,0.003183,2
1779193579.1946,2292,-173.56,4.61,36.69,0.2575,0.003197,2
1779193579.2668,2293,-174.16,4.05,36.62,0.2443,0.003782,2
1779193579.3416,2294,-173.9,4.49,36.71,0.232,0.003722,2
1779193579.4174,2295,-174.0,4.42,37.24,0.2404,0.003817,2
1779193579.5283,2296,-174.1,4.54,37.01,0.2369,0.002923,2
1779193579.6009,2297,-173.77,5.23,36.07,0.2453,0.003065,2
1779193579.6658,2298,-173.8,5.05,36.22,0.2457,0.002102,2
1779193579.746,2299,-173.94,5.67,36.07,0.2563,0.002564,2
1779193579.8215,2300,-174.07,5.97,36.27,0.2613,0.003663,2
1779193579.8987,2301,-174.07,6.06,36.54,0.2587,0.005118,2
1779193579.9648,2302,-174.14,6.44,36.37,0.2534,0.006741,2
1779193580.0467,2303,-174.03,6.4,35.88,0.2585,0.006555,2
1779193580.1054,2304,-174.02,6.32,35.72,0.2591,0.005832,2
1779193580.1697,2305,-173.98,6.74,35.34,0.2569,0.004867,2
1779193580.2475,2306,-174.45,6.41,34.68,0.2622,0.003878,2
1779193580.3277,2307,-174.63,6.04,34.3,0.2534,0.004107,2
1779193580.4062,2308,-174.5,6.45,35.09,0.2661,0.006867,2
1779193580.4782,2309,-174.46,6.45,35.22,0.2727,0.008334,2
1779193580.557,2310,-174.28,6.36,35.45,0.267,0.00901,2
1779193580.6422,2311,-174.08,6.84,34.79,0.283,0.009086,2
1779193580.7249,2312,-173.48,7.57,33.76,0.3507,0.007267,2
1779193580.807,2313,-173.46,8.29,33.04,0.3908,0.004563,2
1779193580.866,2314,-173.7,8.78,33.03,0.4044,0.003246,2
1779193580.9448,2315,-173.76,8.43,33.47,0.3837,0.002554,2
1779193581.0221,2316,-174.12,8.37,32.73,0.3904,0.003872,2
1779193581.0872,2317,-174.58,7.63,32.0,0.3853,0.004844,2
1779193581.1503,2318,-176.01,5.89,29.81,0.3576,0.006372,2
1779193581.217,2319,-175.14,6.23,29.07,0.343,0.007331,2
1779193581.2902,2320,-175.08,6.39,29.23,0.3514,0.007216,2
1779193581.3648,2321,-174.98,6.62,29.18,0.3534,0.005712,2
1779193581.4455,2322,-174.89,6.64,29.22,0.3561,0.005195,2
1779193581.5344,2323,-175.08,6.33,28.34,0.3929,0.00411,2
1779193581.617,2324,-175.83,4.03,28.1,0.3946,0.003888,2
1779193581.7061,2325,-176.19,2.84,28.66,0.379,0.004281,2
1779193581.7867,2326,-176.12,3.28,29.54,0.3617,0.005201,2
1779193581.8645,2327,-176.0,3.74,28.72,0.3897,0.005484,2
1779193581.9403,2328,-176.16,3.69,28.85,0.3847,0.005687,2
1779193581.9964,2329,-175.98,4.58,28.06,0.4041,0.005293,2
1779193582.0641,2330,-176.44,4.45,26.28,0.4192,0.004763,2
1779193582.1333,2331,-176.47,4.86,26.09,0.3953,0.004072,2
1779193582.1963,2332,-176.09,5.22,26.6,0.3572,0.003288,2
1779193582.2807,2333,-176.27,5.79,23.28,0.3818,0.002927,2
1779193582.3453,2334,-176.65,5.5,22.27,0.3894,0.002288,2
1779193582.4221,2335,-177.13,5.29,20.02,0.3973,0.0027,2
1779193582.5189,2336,-177.58,4.2,20.26,0.3993,0.002716,2
1779193582.6045,2337,-177.47,4.86,17.96,0.4254,0.00374,2
1779193582.6701,2338,-178.08,3.16,14.75,0.4242,0.004567,2
1779193582.7453,2339,-178.28,3.65,11.81,0.4169,0.007202,2
1779193582.8704,2340,-178.56,0.97,8.39,0.4623,0.008265,2
1779193582.9493,2341,-178.05,-5.49,6.11,0.4818,0.010705,2
1779193583.0168,2342,-177.35,-4.31,4.13,0.4682,0.010633,2
1779193583.0815,2343,-176.85,-9.69,3.91,0.473,0.010479,2
1779193583.1438,2344,-176.12,-12.74,4.4,0.4881,0.009374,2
1779193583.2125,2345,-175.48,-13.43,2.91,0.4665,0.007817,2
1779193583.2818,2346,-175.41,-14.55,1.24,0.4755,0.005376,2
1779193583.3545,2347,-174.39,-16.89,-1.08,0.4861,0.005206,2
1779193583.4247,2348,3.07,-5.18,11.61,0.462,0.005302,2
1779193583.502,2349,3.07,-6.02,10.34,0.4506,0.004556,2
1779193583.5784,2350,2.55,-6.73,9.11,0.4465,0.005374,2
1779193583.6526,2351,2.42,-7.54,8.69,0.4407,0.007148,2
1779193583.7269,2352,2.94,-5.72,6.34,0.4413,0.006826,2
1779193583.8059,2353,3.2,-5.04,6.4,0.4362,0.006542,2
1779193583.8756,2354,3.35,-5.98,6.77,0.4427,0.00604,2
1779193583.9536,2355,3.87,-6.8,5.72,0.4352,0.005158,2
1779193584.0285,2356,3.86,-6.25,5.68,0.4463,0.004281,2
1779193584.0948,2357,3.71,-7.93,6.0,0.44,0.003725,2
1779193584.1479,2358,3.5,-7.38,5.7,0.444,0.004905,2
1779193584.2175,2359,3.67,-6.87,5.57,0.4478,0.005859,2
1779193584.2926,2360,3.87,-7.59,4.42,0.4527,0.00609,2
1779193584.3759,2361,3.97,-7.43,4.31,0.4588,0.005318,2
1779193584.4523,2362,4.01,-7.58,4.15,0.457,0.006775,2
1779193584.5268,2363,4.12,-7.75,4.97,0.4496,0.006088,2
1779193584.5914,2364,4.13,-8.49,5.29,0.4474,0.004807,2
1779193584.6511,2365,3.93,-8.46,5.65,0.458,0.005366,2
1779193584.7304,2366,3.69,-8.5,5.57,0.4472,0.004827,2
1779193584.8129,2367,3.28,-6.84,4.97,0.4291,0.003404,2
1779193584.8799,2368,3.08,-5.42,4.91,0.426,0.002067,2
1779193584.9377,2369,2.76,-5.03,4.89,0.4136,0.002332,2
1779193585.0077,2370,2.64,-1.96,5.26,0.4114,0.001747,2
1779193585.0693,2371,2.7,-0.06,5.79,0.4058,0.002417,2
1779193585.1353,2372,2.83,0.29,6.02,0.3995,0.002509,2
1779193585.1979,2373,2.92,1.21,6.37,0.3936,0.002438,2
1779193585.2632,2374,2.92,0.67,7.18,0.3952,0.003097,2
1779193585.3579,2375,2.84,0.5,7.57,0.3932,0.003329,2
1779193585.4628,2376,2.72,1.06,8.13,0.3949,0.00304,2
1779193585.5727,2377,2.68,1.62,8.02,0.4018,0.002748,2
1779193585.6487,2378,2.53,0.87,7.93,0.3987,0.003458,2
1779193585.7298,2379,2.56,0.74,7.94,0.4005,0.003246,2
1779193585.8718,2380,2.51,0.44,7.33,0.4053,0.003542,2
1779193585.9839,2381,2.31,-0.27,7.07,0.396,0.003126,2
1779193586.0562,2382,2.16,-0.31,6.17,0.3912,0.003131,2
1779193586.147,2383,2.18,-1.47,6.01,0.3656,0.002305,2
1779193586.2415,2384,1.9,-4.89,5.91,0.3864,0.001511,2
1779193586.3407,2385,1.76,-4.27,5.08,0.372,0.001441,2
1779193586.4509,2386,1.7,-4.65,5.49,0.414,0.001502,2
1779193586.5514,2387,1.57,-5.26,6.42,0.4196,0.001599,2
1779193586.6635,2388,1.08,-7.18,8.01,0.402,0.002207,2
1779193586.7474,2389,1.08,-7.04,8.07,0.4165,0.003705,2
1779193586.8272,2390,1.04,-6.01,7.34,0.4173,0.003731,2
1779193586.8957,2391,1.0,-5.53,6.89,0.4114,0.003919,2
1779193587.0025,2392,0.79,-6.71,7.97,0.4871,0.004857,2
1779193587.0997,2393,0.7,-7.41,8.01,0.491,0.004757,2
1779193587.1865,2394,0.65,-8.23,8.33,0.4864,0.003748,2
1779193587.285,2395,0.63,-9.02,8.42,0.4878,0.003766,2
1779193587.389,2396,0.75,-9.32,8.51,0.4796,0.004291,2
1779193587.4856,2397,0.79,-9.55,8.6,0.4804,0.003723,2
1779193587.5888,2398,0.8,-9.58,8.92,0.478,0.00359,2
1779193587.6868,2399,0.63,-13.1,9.88,0.4741,0.003574,2
1779193587.8016,2400,0.62,-13.88,10.16,0.462,0.003286,2
1779193587.908,2401,0.62,-13.31,9.75,0.4651,0.003138,2
1779193588.0094,2402,0.66,-13.2,9.21,0.4586,0.003736,2
1779193588.1034,2403,0.7,-12.88,9.14,0.4607,0.004536,2
1779193588.1938,2404,0.71,-12.7,8.98,0.4616,0.004153,2
1779193588.2939,2405,0.82,-12.19,8.85,0.4628,0.004264,2
1779193588.407,2406,0.75,-11.65,8.57,0.4642,0.00421,2
1779193588.5195,2407,0.76,-11.13,8.4,0.4633,0.004294,2
1779193588.637,2408,0.77,-10.93,8.38,0.4656,0.003289,2
1779193588.7405,2409,0.65,-11.4,8.52,0.4661,0.003218,3
1779193588.8549,2410,0.68,-10.55,8.52,0.4615,0.003223,3
1779193588.9734,2411,0.83,-7.15,8.26,0.4599,0.003047,3
1779193589.0716,2412,0.96,-6.88,8.52,0.4608,0.002369,3
1779193589.163,2413,1.01,-6.58,8.51,0.4583,0.002682,3
1779193589.2639,2414,0.98,-6.7,8.58,0.459,0.002788,3
1779193589.3665,2415,1.07,-6.81,8.75,0.4536,0.002447,3
1779193589.478,2416,1.0,-6.95,8.79,0.4402,0.002122,3
1779193589.6025,2417,0.98,-6.73,8.97,0.4414,0.001678,3
1779193589.7137,2418,0.96,-6.35,9.02,0.4403,0.001723,3
1779193589.8243,2419,0.92,-4.83,9.21,0.4369,0.002193,3
1779193589.9776,2420,0.76,-3.61,8.9,0.4267,0.003062,3
1779193590.0815,2421,0.55,-1.18,9.32,0.419,0.002878,3
1779193590.1742,2422,0.5,-1.46,10.03,0.4284,0.003336,3
1779193590.2636,2423,0.76,-0.79,9.49,0.4295,0.003435,3
1779193590.3351,2424,1.97,4.69,8.51,0.37,0.003247,3
1779193590.44,2425,2.03,2.83,8.0,0.4047,0.002597,3
1779193590.5154,2426,2.55,2.87,7.88,0.3944,0.00348,3
1779193590.5987,2427,3.05,1.92,6.97,0.3816,0.0048,3
1779193590.6803,2428,3.76,3.16,5.49,0.3688,0.006413,3
1779193590.7637,2429,4.07,1.99,5.36,0.3889,0.00648,3
1779193590.8415,2430,4.24,3.38,5.32,0.3908,0.007701,3
1779193590.9219,2431,4.94,3.36,4.58,0.4035,0.006738,3
1779193590.9951,2432,5.38,6.06,4.87,0.394,0.005137,3
1779193591.0638,2433,5.75,6.85,5.64,0.3977,0.003507,3
1779193591.1299,2434,5.55,6.4,5.85,0.3948,0.003004,3
1779193591.194,2435,5.48,6.58,5.93,0.3989,0.001687,3
1779193591.2689,2436,5.27,6.92,5.96,0.4039,0.002484,3
1779193591.3476,2437,5.18,6.88,6.8,0.4143,0.00375,3
1779193591.4358,2438,5.22,8.69,9.52,0.4186,0.004518,3
1779193591.5148,2439,4.83,9.35,9.78,0.4534,0.005187,3
1779193591.5959,2440,-177.24,6.98,0.15,0.322,0.004994,3
1779193591.6733,2441,-174.29,7.81,5.6,0.3147,0.069573,3
1779193591.7486,2442,-171.69,6.74,8.61,0.3209,0.069115,3
1779193591.8351,2443,-169.89,5.73,11.04,0.3254,0.068132,3
1779193591.9207,2444,-167.41,3.1,12.29,0.3245,0.068582,3
1779193592.0245,2445,-164.89,-1.84,14.45,0.3086,0.068543,3
1779193592.0971,2446,-163.77,-4.49,17.84,0.3447,0.003686,3
1779193592.1687,2447,-162.57,-6.52,16.9,0.3163,0.003087,3
1779193592.2661,2448,-161.69,-7.81,17.4,0.326,0.004182,3
1779193592.3416,2449,-161.32,-9.04,18.97,0.307,0.0032,3
1779193592.4156,2450,-160.52,-9.37,17.42,0.3084,0.00334,3
1779193592.4961,2451,-159.77,-11.47,15.61,0.2839,0.003087,3
1779193592.5804,2452,-158.77,-8.55,15.28,0.2705,0.00312,3
1779193592.6618,2453,-158.54,-10.05,14.27,0.2729,0.002313,3
1779193592.7362,2454,-158.27,-9.85,13.02,0.2845,0.002568,3
1779193592.8102,2455,-158.53,-10.52,11.58,0.2961,0.002635,3
1779193592.8883,2456,-158.92,-10.51,10.51,0.2924,0.00284,3
1779193592.9571,2457,-159.93,-12.74,9.74,0.3781,0.002552,3
1779193593.0292,2458,-160.24,-13.99,9.07,0.4162,0.002352,3
1779193593.1187,2459,-160.44,-12.74,8.92,0.4316,0.001928,3
1779193593.1857,2460,-160.32,-12.32,8.56,0.4311,0.001863,3
1779193593.2583,2461,-160.33,-11.89,8.8,0.4285,0.001869,3
1779193593.333,2462,-160.34,-13.43,8.41,0.4338,0.001914,3
1779193593.4109,2463,-160.28,-14.13,7.54,0.4297,0.002161,3
1779193593.4863,2464,-160.24,-13.87,7.97,0.4337,0.002379,3
1779193593.5654,2465,-160.0,-12.77,7.92,0.4291,0.002266,3
1779193593.6389,2466,-159.89,-13.23,8.19,0.4341,0.001761,3
1779193593.7402,2467,-159.83,-15.4,7.17,0.4508,0.001815,3
1779193593.8053,2468,-160.22,-12.95,6.59,0.4473,0.001396,3
1779193593.8839,2469,-160.26,-11.44,5.65,0.4398,0.001409,3
1779193593.9729,2470,-160.41,-11.16,5.42,0.4288,0.001408,3
1779193594.0637,2471,-160.59,-12.46,4.88,0.4216,0.001909,3
1779193594.1331,2472,-161.06,-11.58,5.33,0.433,0.001607,3
1779193594.1952,2473,-161.17,-12.31,4.92,0.4316,0.00148,3
1779193594.2697,2474,-161.44,-11.69,4.73,0.4282,0.001694,3
1779193594.3414,2475,-161.87,-11.41,4.29,0.4348,0.002377,3
1779193594.4018,2476,-162.57,-9.99,3.55,0.439,0.004422,3
1779193594.473,2477,-163.2,-7.08,4.49,0.438,0.004924,3
1779193594.5557,2478,-164.89,-5.43,4.45,0.3622,0.005026,3
1779193594.671,2479,-165.51,-1.84,5.33,0.2792,0.004738,3
1779193594.7521,2480,-165.31,-0.97,4.84,0.2774,0.004342,3
1779193594.8249,2481,-165.64,1.8,4.08,0.3177,0.002439,3
1779193594.9266,2482,-166.03,2.12,5.95,0.314,0.002095,3
1779193595.026,2483,-165.69,2.87,5.3,0.2817,0.002369,3
1779193595.0937,2484,-165.39,3.77,4.61,0.2832,0.002509,3
1779193595.1616,2485,-164.77,2.86,5.49,0.29,0.002433,3
1779193595.2634,2486,-164.17,0.79,5.94,0.2862,0.002079,3
1779193595.3344,2487,-162.11,1.13,6.75,0.2966,0.003056,3
1779193595.3961,2488,-161.42,-1.04,8.59,0.2841,0.002808,3
1779193595.4738,2489,-161.53,-1.42,9.99,0.2739,0.002626,3
1779193595.5533,2490,-161.15,-0.33,10.26,0.2861,0.002996,3
1779193595.6338,2491,-160.85,-1.5,10.84,0.278,0.003211,3
1779193595.7118,2492,-160.97,-1.77,10.4,0.2798,0.002204,3
1779193595.7795,2493,-161.75,0.58,9.91,0.2963,0.002069,3
1779193595.8548,2494,-161.9,2.92,9.94,0.3023,0.002152,3
1779193595.9337,2495,-161.96,3.89,9.95,0.3037,0.002077,3
1779193596.009,2496,-161.75,1.58,11.26,0.2328,0.002207,3
1779193596.0784,2497,-161.71,1.43,11.32,0.2437,0.002276,3
1779193596.1456,2498,-161.82,0.8,11.39,0.2627,0.002191,3
1779193596.2416,2499,-161.88,0.39,11.39,0.2522,0.00217,3
1779193596.3137,2500,-162.07,0.57,11.72,0.2423,0.001917,3
1779193596.393,2501,-162.33,1.02,12.12,0.2452,0.001774,3
1779193596.4783,2502,-162.96,1.09,12.49,0.2525,0.001854,3
1779193596.5815,2503,-163.26,2.06,12.02,0.2482,0.002446,3
1779193596.6613,2504,-163.48,2.17,11.82,0.2673,0.002555,3
1779193596.7416,2505,-163.46,3.43,11.74,0.2789,0.002617,3
1779193596.819,2506,-163.74,1.74,13.07,0.2707,0.002442,3
1779193596.9005,2507,-163.7,0.35,13.81,0.2828,0.002632,3
1779193596.9901,2508,-163.24,0.21,14.77,0.3214,0.002128,3
1779193597.0629,2509,-162.81,2.44,15.18,0.2978,0.001947,3
1779193597.1292,2510,-162.31,1.52,17.25,0.3122,0.001705,3
1779193597.1953,2511,-161.99,1.01,18.24,0.2897,0.001564,3
1779193597.2633,2512,-161.93,1.13,18.09,0.2842,0.001193,3
1779193597.343,2513,-161.95,1.72,17.43,0.297,0.001113,3
1779193597.4125,2514,-161.45,2.55,18.32,0.2596,0.001323,3
1779193597.4936,2515,-161.38,2.19,18.15,0.2586,0.001516,3
1779193597.599,2516,-160.9,2.27,17.14,0.2826,0.001776,3
1779193597.6754,2517,-160.57,1.16,17.36,0.2883,0.001659,3
1779193597.7546,2518,-160.31,1.21,15.98,0.2828,0.001603,3
1779193597.8659,2519,-159.2,-0.17,17.09,0.2514,0.0016,3
1779193597.9439,2520,-158.91,-0.79,16.04,0.2696,0.001334,3
1779193598.0159,2521,-158.63,-1.62,16.12,0.2732,0.001434,3
1779193598.0814,2522,-158.33,-1.75,16.36,0.2558,0.001532,3
1779193598.1477,2523,-158.06,-1.43,16.09,0.2705,0.001527,3
1779193598.2174,2524,-157.28,-1.41,15.83,0.2725,0.001158,3
1779193598.2849,2525,-155.92,-4.44,17.08,0.2983,0.001165,3
1779193598.3609,2526,-155.42,-6.62,16.27,0.2731,0.000845,3
1779193598.4364,2527,-155.38,-6.73,15.63,0.2929,0.000812,3
1779193598.5132,2528,-155.55,-6.52,15.02,0.3046,0.000909,3
1779193598.57,2529,-155.19,-5.74,13.64,0.3099,0.001356,3
1779193598.6452,2530,-155.12,-4.12,15.67,0.268,0.001935,3
1779193598.7026,2531,-155.38,-3.6,15.09,0.2575,0.002422,3
1779193598.7796,2532,-156.34,-2.02,14.74,0.268,0.002344,3
1779193598.8519,2533,-156.91,-0.74,13.85,0.3089,0.002309,3
1779193598.9288,2534,-157.98,-1.44,15.09,0.3042,0.002182,3
1779193599.0074,2535,-158.65,1.32,16.62,0.3009,0.001773,3
1779193599.0816,2536,-159.85,2.34,15.99,0.3355,0.002012,3
1779193599.1604,2537,-161.05,3.04,16.35,0.2932,0.002586,3
1779193599.2249,2538,-162.34,3.12,17.0,0.2749,0.002791,3
1779193599.2996,2539,-163.18,4.62,14.17,0.2787,0.002904,3
1779193599.3665,2540,-163.19,4.99,13.92,0.277,0.003246,3
1779193599.4232,2541,-163.55,4.95,13.36,0.2949,0.002856,3
1779193599.4762,2542,-163.43,5.07,13.55,0.289,0.002422,3
1779193599.5345,2543,-163.41,5.39,13.6,0.2778,0.002199,3
1779193599.6448,2544,-163.4,6.02,13.33,0.2875,0.001978,3
1779193599.705,2545,-163.4,5.9,13.28,0.2874,0.001835,3
1779193599.7755,2546,-163.08,5.93,13.46,0.2773,0.001291,3
1779193599.8513,2547,-162.99,5.37,13.7,0.2682,0.001385,3
1779193599.9194,2548,-162.59,3.55,12.95,0.2753,0.001545,3
1779193599.9941,2549,-162.4,2.88,14.07,0.2638,0.002271,3
1779193600.0648,2550,-162.04,2.39,15.06,0.2611,0.002214,3
1779193600.1351,2551,-161.87,1.56,15.38,0.2607,0.002415,3
1779193600.2085,2552,-161.79,1.77,14.74,0.253,0.002446,3
1779193600.2823,2553,-161.76,2.14,14.37,0.2688,0.002568,3
1779193600.3556,2554,-161.63,2.29,13.88,0.2683,0.001883,3
1779193600.4405,2555,-161.61,1.97,13.69,0.265,0.001764,3
1779193600.5985,2556,-161.29,2.91,13.3,0.2663,0.001648,3
1779193600.6691,2557,-161.43,2.92,13.59,0.2641,0.001274,3
1779193600.7476,2558,-161.27,3.18,13.94,0.2491,0.001045,3
1779193600.8337,2559,-161.19,2.9,14.21,0.2385,0.001034,3
1779193600.9215,2560,-161.01,3.19,14.07,0.2459,0.00135,3
1779193601.0259,2561,-161.24,3.67,13.93,0.2689,0.001643,3
1779193601.0978,2562,-161.64,3.19,14.91,0.2911,0.001965,3
1779193601.1637,2563,-161.85,5.08,13.79,0.2936,0.002346,3
1779193601.2345,2564,-162.15,5.49,14.09,0.2956,0.002397,3
1779193601.3079,2565,-162.4,5.32,13.7,0.2937,0.002072,3
1779193601.3955,2566,-162.78,6.28,13.47,0.2745,0.001924,3
1779193601.4804,2567,-162.71,5.95,13.45,0.2731,0.00204,3
1779193601.5586,2568,-162.65,5.95,13.37,0.2751,0.001966,3
1779193601.6327,2569,-162.7,5.68,13.42,0.2727,0.001884,3
1779193601.7068,2570,-162.7,5.83,13.31,0.2861,0.001872,3
1779193601.7577,2571,-162.65,5.87,13.01,0.2898,0.00175,3
1779193601.8214,2572,-162.13,5.11,12.5,0.2785,0.001872,3
1779193601.8924,2573,-162.2,3.39,13.43,0.2759,0.002178,3
1779193601.9727,2574,-161.94,0.85,14.02,0.278,0.002511,3
1779193602.0775,2575,-161.4,0.36,13.24,0.3005,0.002489,3
1779193602.1728,2576,-160.49,-4.02,13.92,0.2697,0.002496,3
1779193602.2748,2577,-159.57,-6.93,15.79,0.3013,0.002536,3
1779193602.38,2578,-160.05,-6.35,14.77,0.2913,0.002314,3
1779193602.4905,2579,-159.98,-10.09,13.02,0.2907,0.002669,3
1779193602.5974,2580,-158.84,-15.16,11.47,0.3194,0.002719,3
1779193602.6727,2581,-157.61,-12.97,11.6,0.3086,0.002893,3
1779193602.7717,2582,-157.75,-13.02,12.34,0.2941,0.002676,3
1779193602.8488,2583,-158.15,-11.71,12.94,0.2772,0.002565,3
1779193602.9525,2584,-158.4,-12.1,12.73,0.3152,0.001893,3
1779193603.0057,2585,-158.43,-10.95,12.19,0.2927,0.001736,3
1779193603.0978,2586,-158.76,-11.04,13.86,0.2607,0.002201,3
1779193603.1641,2587,-158.81,-10.3,14.89,0.2638,0.002193,3
1779193603.2344,2588,-158.59,-10.38,14.83,0.2765,0.002087,3
1779193603.3351,2589,-158.28,-10.11,14.36,0.2913,0.002152,3
1779193603.4083,2590,-158.19,-10.27,13.44,0.3116,0.002439,3
1779193603.4827,2591,-158.24,-9.87,13.47,0.2986,0.001995,3
1779193603.6491,2592,-158.27,-9.52,13.61,0.2917,0.002186,3
1779193603.7292,2593,-158.21,-9.79,13.56,0.2984,0.002004,3
1779193603.8249,2594,-158.19,-9.66,13.78,0.2982,0.001819,3
1779193603.9228,2595,-158.21,-9.65,13.79,0.2957,0.001781,3
1779193603.9968,2596,-158.28,-9.82,13.59,0.3058,0.001661,3
1779193604.0678,2597,-158.44,-10.02,14.04,0.2889,0.00136,3
1779193604.1318,2598,-158.67,-10.36,14.34,0.2602,0.001344,3
1779193604.1904,2599,-158.53,-10.25,14.11,0.2647,0.001696,3
1779193604.256,2600,-158.53,-10.28,14.07,0.2863,0.001337,3
1779193604.3313,2601,-158.47,-10.52,13.76,0.2931,0.001428,3
1779193604.4089,2602,-158.43,-10.9,13.13,0.2994,0.001218,3
1779193604.488,2603,-158.45,-11.1,13.08,0.2852,0.001211,3
1779193604.5814,2604,-158.41,-10.93,13.15,0.2742,0.000774,3
1779193604.6403,2605,-158.44,-10.73,12.86,0.2857,0.00082,3
1779193604.7151,2606,-158.46,-10.68,13.27,0.2773,0.000697,3
1779193604.8001,2607,-158.44,-10.82,13.48,0.2555,0.000869,3
1779193604.8754,2608,-158.39,-11.17,13.42,0.2437,0.001131,3
1779193604.952,2609,-158.31,-9.5,14.19,0.2588,0.001439,3
1779193605.0198,2610,-158.63,-7.07,15.03,0.2886,0.001842,3
1779193605.0894,2611,-158.81,-7.51,14.5,0.269,0.002023,3
1779193605.1524,2612,-159.69,-7.87,14.04,0.2679,0.00194,3
1779193605.2198,2613,-159.87,-8.76,14.51,0.2383,0.001799,3
1779193605.2914,2614,-160.09,-6.27,14.49,0.2497,0.00179,3
1779193605.3641,2615,-160.74,-5.88,13.87,0.2559,0.001478,3
1779193605.45,2616,-160.76,-4.47,11.84,0.254,0.001463,3
1779193605.5311,2617,-160.72,-4.65,12.31,0.2454,0.001763,3
1779193605.593,2618,-160.67,-4.89,12.36,0.2462,0.00212,3
1779193605.6738,2619,-160.92,-4.6,12.91,0.2481,0.001932,3
1779193605.75,2620,-161.36,-2.64,12.4,0.2322,0.002176,3
1779193605.8221,2621,-161.5,-3.71,13.13,0.2342,0.002268,3
1779193605.9071,2622,-161.96,-3.79,13.07,0.2501,0.002275,3
1779193606.0206,2623,-161.8,-2.14,12.96,0.2562,0.002278,3
1779193606.0883,2624,-162.2,-2.33,13.32,0.2501,0.002528,3
1779193606.1515,2625,-162.18,-2.24,13.22,0.2579,0.00223,3
1779193606.2168,2626,-162.14,-2.69,13.49,0.2525,0.001797,3
1779193606.2939,2627,-162.04,-2.61,13.49,0.2546,0.001644,3
1779193606.3868,2628,-161.9,-2.65,13.57,0.2518,0.001133,3
1779193606.4813,2629,-161.85,-2.3,13.18,0.2511,0.000994,3
1779193606.5476,2630,-161.8,-2.24,12.98,0.2505,0.001029,3
1779193606.628,2631,-161.52,-4.06,13.16,0.246,0.001248,3
1779193606.7089,2632,-161.34,-4.16,12.96,0.2828,0.001045,3
1779193606.799,2633,-161.18,-3.94,12.0,0.281,0.001849,3
1779193606.8831,2634,-160.96,-4.35,12.27,0.2524,0.001768,3
1779193606.9792,2635,-160.13,-0.8,14.56,0.247,0.00274,3
1779193607.0786,2636,-159.96,0.93,13.81,0.2698,0.003126,3
1779193607.1421,2637,-160.14,0.13,13.59,0.2453,0.003465,3
1779193607.2036,2638,-160.12,-0.31,13.36,0.2318,0.003111,3
1779193607.3097,2639,-160.59,0.04,12.64,0.255,0.003435,3
1779193607.3899,2640,-160.96,-0.69,13.03,0.2373,0.002509,3
1779193607.4711,2641,-161.02,-0.72,12.82,0.2431,0.001976,3
1779193607.5519,2642,-160.99,-0.87,12.6,0.2322,0.001913,3
1779193607.6137,2643,-160.69,-2.18,12.69,0.2263,0.00157,3
1779193607.6905,2644,-160.47,-2.89,12.59,0.2223,0.001217,3
1779193607.7683,2645,-160.54,-2.82,12.74,0.232,0.001395,3
1779193607.8505,2646,-160.98,-2.68,13.05,0.2145,0.001628,3
1779193607.9307,2647,-161.2,-1.54,13.39,0.2338,0.001304,3
1779193608.0131,2648,-161.24,-0.98,13.35,0.2352,0.001314,3
1779193608.1133,2649,-161.22,-1.79,13.96,0.2313,0.001563,3
1779193608.1769,2650,-161.23,-2.1,14.18,0.2141,0.001556,3
1779193608.2779,2651,-161.66,-1.87,14.35,0.234,0.001298,3
1779193608.3558,2652,-161.88,-0.85,13.86,0.233,0.001534,3
1779193608.4306,2653,-162.07,0.54,13.1,0.2765,0.00161,3
1779193608.5304,2654,-162.45,0.68,13.79,0.2472,0.001396,3
1779193608.5918,2655,-162.45,0.91,13.48,0.2397,0.00147,3
1779193608.6612,2656,-162.46,0.91,12.86,0.2427,0.001573,3
1779193608.7367,2657,-162.44,0.66,13.0,0.2457,0.001333,3
1779193608.8136,2658,-162.72,0.01,12.6,0.2421,0.001178,3
1779193608.8911,2659,-162.35,0.6,11.7,0.2444,0.001264,3
1779193608.9658,2660,-162.17,-0.81,11.74,0.2348,0.001353,3
1779193609.0338,2661,-162.02,-1.2,11.57,0.2485,0.001528,3
1779193609.0935,2662,-161.83,-0.45,11.39,0.2841,0.001792,3
1779193609.1548,2663,-162.06,-1.01,11.84,0.2589,0.001922,3
1779193609.2311,2664,-162.04,0.46,11.48,0.2704,0.001874,3
1779193609.3055,2665,-162.24,0.97,12.0,0.2591,0.001389,3
1779193609.4042,2666,-162.4,0.48,12.17,0.2503,0.001561,3
1779193609.5064,2667,-162.51,-0.09,12.44,0.2445,0.001747,3
1779193609.5773,2668,-162.98,-0.81,12.35,0.2686,0.001834,3
1779193609.6579,2669,-163.01,0.61,13.6,0.2719,0.001965,3
1779193609.7567,2670,-163.16,-0.11,14.8,0.2535,0.002632,3
1779193609.8391,2671,-163.28,-0.09,15.36,0.2675,0.002617,3
1779193609.9192,2672,-163.21,0.88,15.66,0.2794,0.002297,3
1779193610.0132,2673,-163.41,0.68,16.09,0.2676,0.002006,3
1779193610.0899,2674,-163.43,0.62,16.16,0.266,0.001974,3
1779193610.1528,2675,-163.35,0.45,16.65,0.2693,0.001668,3
1779193610.2248,2676,-163.18,-0.86,17.0,0.2645,0.001428,3
1779193610.3017,2677,-162.98,-0.95,16.8,0.2973,0.001544,3
1779193610.3529,2678,-162.82,-0.96,16.35,0.2774,0.001634,3
1779193610.4228,2679,-162.74,-0.95,16.02,0.2688,0.001462,3
1779193610.503,2680,-162.55,-0.58,15.87,0.2565,0.001335,3
1779193610.5902,2681,-162.74,-0.19,15.66,0.2606,0.001742,3
1779193610.667,2682,-164.05,-0.04,15.76,0.2849,0.001947,3
1779193610.7456,2683,-165.14,2.96,15.18,0.2573,0.002197,3
1779193610.8303,2684,-166.66,3.92,15.24,0.2895,0.002873,3
1779193610.9123,2685,-168.14,6.05,13.5,0.3153,0.003391,3
1779193610.9889,2686,-170.05,6.38,13.8,0.2603,0.003839,3
1779193611.0603,2687,-171.98,11.55,11.05,0.3295,0.003852,3
1779193611.1286,2688,-173.8,12.23,10.86,0.2785,0.003985,3
1779193611.2252,2689,-174.76,15.35,10.61,0.2708,0.003548,3
1779193611.296,2690,-176.81,17.92,9.43,0.2891,0.00308,3
1779193611.3716,2691,-179.26,21.02,7.4,0.3133,0.002136,3
1779193611.4247,2692,-179.82,19.95,7.71,0.2099,0.002327,3
1779193611.4747,2693,177.82,21.54,7.52,0.3131,0.002883,3
1779193611.5415,2694,177.25,22.37,7.98,0.3099,0.003308,3
1779193611.6199,2695,175.67,23.71,6.31,0.3284,0.003405,3
1779193611.6969,2696,175.22,24.25,6.44,0.3119,0.003529,3
1779193611.7842,2697,174.38,23.46,6.29,0.2727,0.00307,3
1779193611.8928,2698,174.27,24.03,6.13,0.2416,0.002376,3
1779193611.9499,2699,174.38,23.7,6.31,0.2384,0.002175,3
1779193612.0026,2700,174.47,23.75,6.73,0.2298,0.002262,3
1779193612.0591,2701,174.45,23.88,6.42,0.2581,0.002579,3
1779193612.1244,2702,174.46,23.99,6.26,0.2809,0.002561,3
1779193612.1913,2703,175.1,22.76,6.2,0.2792,0.002391,3
1779193612.2707,2704,175.58,23.07,6.23,0.2678,0.001966,3
1779193612.3612,2705,175.7,23.34,5.93,0.2677,0.001767,3
1779193612.4496,2706,175.93,22.74,5.26,0.2592,0.001212,3
1779193612.5211,2707,176.18,22.19,5.11,0.2533,0.0017,3
1779193612.6051,2708,176.9,21.57,5.68,0.2428,0.001923,3
1779193612.684,2709,177.15,21.71,5.16,0.2427,0.002175,3
1779193612.7831,2710,179.04,19.86,5.62,0.251,0.002478,3
1779193612.8638,2711,179.22,20.95,5.63,0.2908,0.002915,3
1779193612.9645,2712,-179.82,19.95,5.61,0.2659,0.002331,3
1779193613.0461,2713,-178.71,19.61,5.54,0.2858,0.001965,3
1779193613.1216,2714,-178.06,18.05,5.8,0.2681,0.001885,3
1779193613.1851,2715,-177.53,17.7,6.26,0.2764,0.001535,3
1779193613.2541,2716,-176.35,16.09,7.33,0.2613,0.001545,3
1779193613.3291,2717,-175.42,15.13,6.16,0.2546,0.001396,3
1779193613.4018,2718,-174.41,14.48,7.48,0.2629,0.001353,3
1779193613.4881,2719,-173.88,14.03,6.51,0.291,0.001321,3
1779193613.5875,2720,-173.58,15.23,6.61,0.3183,0.001158,3
1779193613.6644,2721,-173.08,15.6,6.42,0.2943,0.000935,3
1779193613.7457,2722,-173.0,15.33,5.86,0.249,0.001335,3
1779193613.8206,2723,-172.83,15.75,5.04,0.279,0.001904,3
1779193613.9039,2724,-172.95,16.82,4.51,0.2768,0.002249,3
1779193613.983,2725,-172.23,15.73,5.6,0.246,0.002145,3
1779193614.057,2726,-171.86,15.84,4.69,0.2619,0.002114,3
1779193614.1291,2727,-171.6,14.98,4.19,0.2525,0.002092,3
1779193614.1974,2728,-171.51,14.4,4.42,0.2706,0.001521,3
1779193614.2828,2729,-173.83,17.47,3.65,0.3057,0.001175,3
1779193614.3638,2730,-175.71,19.31,4.29,0.3427,0.001332,3
1779193614.4302,2731,-178.28,22.27,3.19,0.3601,0.001218,3
1779193614.5124,2732,179.93,21.16,3.86,0.3064,0.000929,3
1779193614.5973,2733,178.93,20.78,5.57,0.2846,0.001064,3
1779193614.6764,2734,176.97,23.38,5.62,0.3275,0.001115,3
1779193614.7571,2735,175.37,25.11,3.08,0.2929,0.0012,3
1779193614.8758,2736,174.33,24.75,2.73,0.2942,0.001254,3
1779193614.9694,2737,173.71,24.54,2.83,0.259,0.001786,3
1779193615.0501,2738,173.07,25.91,3.09,0.2984,0.001867,3
1779193615.1207,2739,172.67,26.18,2.95,0.2822,0.001625,3
1779193615.1829,2740,172.18,26.3,2.02,0.2857,0.001737,3
1779193615.255,2741,172.03,26.14,2.45,0.298,0.001712,3
1779193615.3465,2742,172.04,26.37,2.37,0.3,0.001767,3
1779193615.4493,2743,172.08,26.23,2.66,0.3151,0.002051,3
1779193615.5285,2744,172.0,26.34,2.67,0.3079,0.002392,3
1779193615.6153,2745,171.9,26.36,2.53,0.311,0.002171,3
1779193615.6843,2746,172.02,26.5,2.39,0.3095,0.002527,3
1779193615.7587,2747,174.88,23.46,2.98,0.3049,0.002135,3
1779193615.8364,2748,176.32,22.97,3.02,0.2789,0.001995,3
1779193615.9161,2749,178.86,21.43,3.26,0.2785,0.001633,3
1779193615.994,2750,-179.33,18.27,5.69,0.2858,0.001572,3
1779193616.0737,2751,-178.96,18.72,4.84,0.2758,0.001167,3
1779193616.1616,2752,-176.32,16.02,6.76,0.281,0.001226,3
1779193616.2372,2753,-175.2,14.57,7.22,0.2659,0.001188,3
1779193616.3155,2754,-173.39,12.41,6.84,0.3028,0.001335,3
1779193616.3929,2755,-171.02,10.03,8.15,0.3205,0.001443,3
1779193616.4678,2756,-169.82,6.38,9.62,0.3004,0.001642,3
1779193616.5414,2757,-166.77,2.92,11.09,0.2908,0.001522,3
1779193616.6208,2758,-165.99,-2.44,11.79,0.3184,0.001537,3
1779193616.6992,2759,-165.13,-3.32,12.76,0.3224,0.001805,3
1779193616.7849,2760,-163.34,-3.87,12.92,0.2691,0.001803,3
1779193616.8765,2761,-162.09,-8.61,13.59,0.3082,0.001605,3
1779193616.9748,2762,-162.06,-11.26,15.99,0.2747,0.001577,3
1779193617.0677,2763,-161.13,-12.0,14.34,0.281,0.002519,3
1779193617.1599,2764,-160.65,-11.78,13.21,0.2735,0.002505,3
1779193617.2365,2765,-159.61,-12.92,14.14,0.2578,0.002904,3
1779193617.331,2766,-158.23,-12.77,13.54,0.2837,0.003585,3
1779193617.3949,2767,-158.39,-15.01,13.92,0.2769,0.00349,3
1779193617.4977,2768,-159.18,-14.26,14.5,0.2746,0.002399,3
1779193617.5824,2769,-159.38,-14.11,14.65,0.2892,0.002085,3
1779193617.6786,2770,-159.26,-14.63,13.67,0.2793,0.001756,3
1779193617.7423,2771,-159.33,-14.54,13.92,0.275,0.001064,3
1779193617.856,2772,-159.44,-12.87,14.49,0.2734,0.001224,3
1779193617.939,2773,-159.51,-13.34,14.47,0.2658,0.001227,3
1779193618.0133,2774,-159.64,-13.32,14.11,0.2692,0.001328,3
1779193618.0802,2775,-159.65,-13.27,14.42,0.2618,0.001409,3
1779193618.143,2776,-159.59,-12.94,14.57,0.2599,0.001685,3
1779193618.2129,2777,-160.05,-13.45,14.99,0.2699,0.00172,3
1779193618.2816,2778,-160.16,-11.97,15.85,0.2821,0.002104,3
1779193618.357,2779,-160.09,-11.18,16.73,0.2564,0.002129,3
1779193618.4372,2780,-160.27,-10.72,16.43,0.2436,0.001916,3
1779193618.5139,2781,-160.49,-10.41,15.44,0.26,0.001629,3
1779193618.5928,2782,-160.69,-10.3,15.57,0.2475,0.001725,3
1779193618.6735,2783,-161.01,-10.26,15.72,0.2484,0.001302,3
1779193618.7518,2784,-161.1,-9.35,15.99,0.2358,0.001428,3
1779193618.8638,2785,-161.23,-9.49,15.34,0.2635,0.001559,3
1779193618.9575,2786,-161.2,-10.0,14.89,0.2474,0.001655,3
1779193619.0341,2787,-161.14,-10.18,14.37,0.2231,0.001721,3
1779193619.1212,2788,-161.21,-10.98,14.29,0.2194,0.001939,3
1779193619.1823,2789,-161.06,-10.45,13.81,0.2314,0.001639,3
1779193619.2497,2790,-161.11,-10.48,14.21,0.2323,0.001478,3
1779193619.3303,2791,-161.11,-10.7,13.75,0.2507,0.001454,3
1779193619.4062,2792,-161.02,-10.8,14.07,0.2501,0.001224,3
1779193619.4588,2793,-161.19,-11.6,14.1,0.2515,0.000984,3
1779193619.5131,2794,-161.16,-12.17,13.9,0.2449,0.00094,3
1779193619.5782,2795,-160.72,-11.98,12.64,0.2523,0.000911,3
1779193619.6539,2796,-160.67,-11.64,12.33,0.265,0.000851,3
1779193619.7116,2797,-161.07,-10.45,11.58,0.2406,0.000872,3
1779193619.7655,2798,-161.51,-10.42,11.74,0.2472,0.00074,3
1779193619.8228,2799,-161.69,-9.99,12.33,0.2651,0.001137,3
1779193619.9021,2800,-161.6,-8.92,13.23,0.2386,0.001342,3
1779193619.9748,2801,-162.23,-9.19,14.44,0.2039,0.001673,3
1779193620.0317,2802,-162.29,-5.6,12.91,0.2132,0.001799,3
1779193620.0894,2803,-162.7,-6.08,12.98,0.2185,0.002082,3
1779193620.1396,2804,-163.38,-7.37,13.03,0.2683,0.002111,3
1779193620.1978,2805,-163.66,-6.45,12.95,0.2872,0.00204,3
1779193620.2742,2806,-164.97,-3.85,14.86,0.313,0.001839,3
1779193620.3538,2807,-165.55,-2.64,16.12,0.307,0.001631,3
1779193620.4337,2808,-167.14,-1.43,16.41,0.3076,0.001412,3
1779193620.5114,2809,-168.49,-1.0,16.87,0.2869,0.000931,3
1779193620.5873,2810,-169.35,0.44,18.07,0.2546,0.001148,3
1779193620.6414,2811,-170.28,0.43,18.1,0.2586,0.001293,3
1779193620.72,2812,-171.41,2.3,18.21,0.272,0.001471,3
1779193620.803,2813,-171.9,3.19,17.29,0.3008,0.001361,3
1779193620.859,2814,-172.14,4.1,18.17,0.2954,0.001486,3
1779193620.9402,2815,-172.18,4.53,16.57,0.289,0.00124,3
1779193621.0271,2816,-172.72,5.32,17.25,0.3001,0.001029,3
1779193621.0988,2817,-173.6,6.47,17.99,0.2949,0.001181,3
1779193621.1682,2818,-173.93,7.15,17.63,0.2954,0.001356,3
1779193621.2361,2819,-175.23,8.83,16.31,0.3185,0.001472,3
1779193621.3051,2820,-176.19,10.78,15.16,0.3364,0.001913,3
1779193621.3801,2821,-176.57,10.93,14.64,0.3072,0.00191,3
1779193621.4631,2822,-177.66,11.41,14.55,0.294,0.001706,3
1779193621.5685,2823,-178.9,13.94,13.45,0.3398,0.002166,3
1779193621.6549,2824,179.59,13.9,13.58,0.3203,0.002344,3
1779193621.7391,2825,178.68,14.59,13.88,0.2792,0.002015,3
1779193621.8097,2826,177.61,16.17,12.6,0.2714,0.001928,3
1779193621.8947,2827,177.02,16.85,11.49,0.295,0.001919,3
1779193621.9996,2828,177.11,16.83,11.86,0.2598,0.001783,3
1779193622.0673,2829,176.88,16.35,12.63,0.2275,0.001489,3
1779193622.1306,2830,176.76,16.66,12.43,0.1997,0.001808,3
1779193622.1978,2831,176.65,16.72,12.24,0.18,0.002071,3
1779193622.2711,2832,176.71,17.12,12.26,0.1862,0.002153,3
1779193622.3434,2833,176.75,17.36,12.08,0.1786,0.002083,3
1779193622.4156,2834,176.69,17.42,12.21,0.1786,0.002208,3
1779193622.4923,2835,176.55,17.35,12.02,0.186,0.001836,3
1779193622.5939,2836,176.32,17.62,11.69,0.206,0.001626,3
1779193622.6484,2837,176.26,17.97,11.18,0.2086,0.001733,3
1779193622.7212,2838,176.22,18.12,10.99,0.2063,0.001594,3
1779193622.7982,2839,176.32,17.85,11.01,0.2067,0.002001,3
1779193622.874,2840,176.38,17.94,10.69,0.2089,0.002284,3
1779193622.9493,2841,176.81,17.9,11.55,0.2054,0.002737,3
1779193623.0188,2842,176.86,17.41,11.7,0.2001,0.00247,3
1779193623.0865,2843,176.89,17.28,11.78,0.2035,0.00244,3
1779193623.1526,2844,177.04,17.49,11.75,0.2189,0.002185,3
1779193623.2213,2845,177.09,17.21,11.73,0.209,0.001767,3
1779193623.3148,2846,177.2,17.3,11.73,0.2203,0.001623,3
1779193623.3931,2847,177.23,17.6,11.23,0.2357,0.002078,3
1779193623.4734,2848,177.58,17.45,11.83,0.2046,0.002339,3
1779193623.5686,2849,177.89,16.48,11.42,0.2274,0.002808,3
1779193623.6434,2850,177.8,17.03,11.07,0.2646,0.003385,3
1779193623.7225,2851,177.57,16.35,11.62,0.2447,0.003219,3
1779193623.7996,2852,177.29,17.46,11.49,0.2155,0.002923,3
1779193623.8757,2853,176.99,18.87,11.07,0.2097,0.0029,3
1779193623.9601,2854,177.32,18.41,11.38,0.1906,0.002263,3
1779193624.0412,2855,177.48,18.3,11.69,0.1926,0.00199,3
1779193624.1053,2856,177.18,18.74,10.88,0.2025,0.001779,3
1779193624.1738,2857,177.34,18.11,11.19,0.1991,0.001605,3
1779193624.2764,2858,177.57,17.33,12.28,0.1903,0.001239,3
1779193624.3556,2859,177.6,17.4,11.1,0.2289,0.001365,3
1779193624.4632,2860,178.65,16.38,11.54,0.224,0.001344,3
1779193624.5536,2861,179.09,16.36,10.82,0.2486,0.001616,3
1779193624.6196,2862,179.65,16.38,10.67,0.2497,0.001547,3
1779193624.6756,2863,-179.44,17.36,11.02,0.2839,0.001625,3
1779193624.7535,2864,-177.45,14.86,10.06,0.2584,0.001661,3
1779193624.8457,2865,-175.36,12.66,10.62,0.2586,0.001508,3
1779193624.9314,2866,-173.95,11.91,10.41,0.2954,0.001301,3
1779193624.9946,2867,-171.98,11.97,11.06,0.3043,0.001338,3
1779193625.0502,2868,-170.05,8.38,11.62,0.318,0.001583,3
1779193625.1214,2869,-167.84,5.93,10.91,0.3313,0.001511,3
1779193625.2087,2870,-166.41,4.54,12.84,0.3157,0.001942,3
1779193625.2867,2871,-166.11,4.39,14.93,0.3147,0.002112,3
1779193625.3634,2872,-165.34,2.69,15.66,0.2735,0.002203,3
1779193625.4461,2873,-165.11,3.08,15.07,0.2631,0.002038,3
1779193625.5213,2874,-164.89,3.91,14.6,0.2696,0.002143,3
1779193625.5922,2875,-164.83,4.14,15.1,0.2432,0.001854,3
1779193625.6772,2876,-164.62,4.01,14.6,0.246,0.002007,3
1779193625.7629,2877,-165.26,4.99,14.78,0.2239,0.00249,3
1779193625.846,2878,-166.44,7.64,13.65,0.2593,0.002576,3
1779193625.9445,2879,-167.34,9.42,13.54,0.2633,0.002387,3
1779193626.0227,2880,-168.74,11.0,14.8,0.277,0.002364,3
1779193626.1071,2881,-169.35,12.34,14.32,0.3004,0.001984,3
1779193626.1783,2882,-170.34,12.28,14.35,0.3279,0.001723,3
1779193626.2646,2883,-170.72,12.95,14.59,0.2774,0.001619,3
1779193626.3363,2884,-170.75,12.87,13.77,0.2776,0.001651,3
1779193626.4203,2885,-170.76,12.17,13.48,0.2529,0.001406,3
1779193626.5147,2886,-170.75,12.4,13.13,0.2508,0.001425,3
1779193626.6032,2887,-170.95,11.89,13.19,0.2461,0.001246,3
1779193626.6959,2888,-170.93,11.27,13.74,0.2462,0.001234,3
1779193626.7819,2889,-170.07,9.19,14.09,0.2655,0.001175,3
1779193626.866,2890,-169.43,6.75,13.97,0.2699,0.001844,3
1779193626.9488,2891,-168.84,7.48,13.73,0.2796,0.002245,3
1779193627.0217,2892,-168.28,6.2,14.69,0.2684,0.002204,3
1779193627.092,2893,-167.65,5.32,15.67,0.2652,0.002595,3
1779193627.1617,2894,-167.14,-0.29,16.26,0.2716,0.002949,3
1779193627.2394,2895,-166.42,-1.24,17.04,0.2637,0.002527,3
1779193627.3153,2896,-164.94,-4.56,17.15,0.2826,0.002522,3
1779193627.424,2897,-163.79,-6.13,17.89,0.2412,0.002643,3
1779193627.567,2898,-163.76,-7.24,17.54,0.2695,0.002335,3
1779193627.6339,2899,-164.02,-7.46,17.59,0.2564,0.001957,3
1779193627.7423,2900,-164.14,-7.66,17.77,0.2547,0.001812,3
1779193627.8406,2901,-163.61,-9.97,17.1,0.2459,0.001418,3
1779193627.9237,2902,-163.19,-8.81,16.77,0.2124,0.001423,3
1779193628.0119,2903,-163.33,-8.03,17.42,0.1977,0.001308,3
1779193628.089,2904,-163.63,-7.52,17.52,0.2075,0.001553,3
1779193628.1571,2905,-163.82,-7.3,17.39,0.2175,0.001765,3
1779193628.2501,2906,-163.84,-7.68,18.11,0.2272,0.00173,3
1779193628.3257,2907,-163.88,-5.98,17.94,0.2181,0.001515,3
1779193628.4104,2908,-163.93,-6.49,18.59,0.2206,0.001648,3
1779193628.4849,2909,-164.15,-5.76,18.67,0.2226,0.001554,3
1779193628.5612,2910,-164.33,-5.44,18.65,0.2116,0.001382,3
1779193628.6345,2911,-164.34,-5.18,18.69,0.2137,0.001406,3
1779193628.6996,2912,-164.34,-5.63,18.35,0.2137,0.001375,3
1779193628.7737,2913,-164.37,-5.56,18.13,0.2141,0.00127,3
1779193628.8517,2914,-164.4,-4.73,17.47,0.2185,0.001246,3
1779193628.9333,2915,-164.29,-4.26,17.65,0.23,0.001133,3
1779193629.0084,2916,-164.52,-4.15,18.26,0.2463,0.001135,3
1779193629.0765,2917,-164.74,-4.55,17.89,0.2673,0.001207,3
1779193629.1389,2918,-164.47,-4.25,17.81,0.259,0.001365,3
1779193629.2016,2919,-164.36,-4.07,17.82,0.2564,0.001286,3
1779193629.2718,2920,-164.41,-4.09,17.94,0.2571,0.001271,3
1779193629.34,2921,-164.37,-4.15,17.9,0.2503,0.001339,3
1779193629.4135,2922,-164.44,-3.91,17.51,0.2445,0.001413,3
1779193629.4973,2923,-164.3,-3.98,17.16,0.2496,0.001052,3
1779193629.583,2924,-164.17,-3.71,16.93,0.2497,0.00089,3
1779193629.6655,2925,-164.12,-3.62,16.7,0.2649,0.000831,3
1779193629.7535,2926,-164.16,-3.85,16.69,0.2657,0.0008,3
1779193629.8336,2927,-164.27,-4.19,16.63,0.2668,0.000532,3
1779193629.9089,2928,-164.19,-3.87,16.63,0.2643,0.000545,3
1779193629.9829,2929,-164.12,-4.0,17.03,0.2568,0.000896,3
1779193630.0586,2930,-163.87,-1.96,16.09,0.2966,0.001122,3
1779193630.1204,2931,-164.37,-2.1,15.85,0.2817,0.001041,3
1779193630.1833,2932,-164.34,-2.05,15.69,0.2613,0.001292,3
1779193630.2968,2933,-164.7,-2.37,16.62,0.2483,0.001396,3
1779193630.3932,2934,-164.93,-1.86,15.73,0.2508,0.001173,3
1779193630.519,2935,-165.59,-1.74,16.16,0.2209,0.001123,3
1779193630.5975,2936,-166.49,-0.11,16.67,0.2483,0.001294,3
1779193630.6737,2937,-168.44,4.53,16.17,0.2705,0.001364,3
1779193630.7523,2938,-170.18,5.06,15.68,0.2846,0.001415,3
1779193630.8449,2939,-172.2,8.03,14.55,0.3007,0.001364,3
1779193630.9451,2940,-173.07,10.38,13.44,0.3194,0.001576,3
1779193630.9994,2941,-173.84,10.38,13.8,0.288,0.001538,3
1779193631.0691,2942,-175.1,12.17,13.51,0.3156,0.001583,3
1779193631.1365,2943,-176.02,12.53,12.83,0.2801,0.002035,3
1779193631.2029,2944,-176.62,13.81,12.41,0.2694,0.002481,3
1779193631.2736,2945,-176.75,14.41,12.36,0.2506,0.002669,3
1779193631.3469,2946,-177.25,14.46,12.73,0.2603,0.00286,3
1779193631.4471,2947,-178.37,16.2,12.08,0.2991,0.002752,3
1779193631.527,2948,-178.89,16.12,12.55,0.2619,0.002242,3
1779193631.6058,2949,-179.5,16.74,11.99,0.2567,0.001825,3
1779193631.6747,2950,-179.73,16.74,12.01,0.2561,0.00156,3
1779193631.7456,2951,179.71,17.32,11.32,0.2277,0.002244,3
1779193631.8127,2952,179.73,17.56,11.72,0.2203,0.002602,3
1779193631.8865,2953,179.34,17.49,11.45,0.2397,0.002916,3
1779193631.9911,2954,179.41,17.92,11.71,0.2046,0.00307,3
1779193632.0663,2955,179.23,17.72,11.34,0.2015,0.002861,3
1779193632.1306,2956,178.83,17.95,10.85,0.2108,0.00234,3
1779193632.1938,2957,178.63,18.49,11.04,0.2302,0.002612,3
1779193632.2442,2958,178.12,19.38,9.94,0.2269,0.003021,3
1779193632.3285,2959,177.5,19.4,8.99,0.2561,0.002993,3
1779193632.4068,2960,177.56,19.9,8.64,0.2815,0.002948,3
1779193632.4887,2961,177.56,19.23,8.99,0.2496,0.002542,3
1779193632.5661,2962,177.45,19.38,8.87,0.2334,0.002182,3
1779193632.6799,2963,177.1,19.56,9.04,0.2331,0.001738,3
1779193632.7721,2964,177.1,19.7,9.29,0.2414,0.001575,3
1779193632.8535,2965,176.9,20.06,9.14,0.2365,0.001816,3
1779193632.9337,2966,176.66,20.38,8.77,0.2354,0.002397,3
1779193633.0158,2967,176.45,20.54,8.59,0.2405,0.002386,3
1779193633.0853,2968,176.43,20.45,8.85,0.2143,0.002307,3
1779193633.1506,2969,176.18,20.45,8.62,0.2043,0.002396,3
1779193633.2565,2970,176.13,20.91,8.15,0.2168,0.002237,3
1779193633.3233,2971,176.12,20.69,8.15,0.2123,0.001941,3
1779193633.3859,2972,176.06,20.6,8.07,0.2103,0.001903,3
1779193633.5062,2973,176.04,20.27,8.42,0.2163,0.001577,3
1779193633.5899,2974,176.06,20.23,8.58,0.2235,0.001536,3
1779193633.6715,2975,175.74,20.83,8.79,0.2274,0.001791,3
1779193633.7555,2976,175.5,21.73,8.69,0.2477,0.001906,3
1779193633.8418,2977,175.11,22.13,8.19,0.2417,0.00218,3
1779193633.9046,2978,175.46,21.79,8.47,0.2321,0.003009,3
1779193633.9697,2979,175.26,21.88,8.02,0.2477,0.003645,3
1779193634.0545,2980,175.4,21.88,7.79,0.2573,0.003294,3
1779193634.1326,2981,175.45,22.06,7.88,0.262,0.003111,3
1779193634.2111,2982,175.38,22.32,7.92,0.2671,0.002557,3
1779193634.2943,2983,175.46,22.65,7.85,0.2756,0.001778,3
1779193634.3719,2984,175.61,22.18,7.28,0.2739,0.001626,3
1779193634.4525,2985,175.28,22.85,5.69,0.2938,0.002008,3
1779193634.5382,2986,175.98,21.49,6.4,0.2796,0.001946,3
1779193634.6091,2987,176.14,20.52,6.52,0.2558,0.001888,3
1779193634.6944,2988,176.57,20.45,5.97,0.2501,0.00229,3
1779193634.7721,2989,176.9,20.26,6.01,0.2543,0.002171,3
1779193634.8348,2990,177.61,20.11,7.52,0.2634,0.001877,3
1779193634.8933,2991,177.84,19.28,8.06,0.2581,0.001831,3
1779193634.9563,2992,178.18,19.19,8.36,0.2413,0.001857,3
1779193635.011,2993,178.56,17.98,8.21,0.271,0.001639,3
1779193635.072,2994,178.6,18.67,7.6,0.268,0.001118,3
1779193635.141,2995,178.73,18.35,7.78,0.2378,0.001148,3
1779193635.2148,2996,178.9,18.18,7.64,0.2255,0.001275,3
1779193635.2909,2997,178.86,18.36,7.4,0.2199,0.001119,3
1779193635.3795,2998,178.94,18.6,7.68,0.2316,0.000997,3
1779193635.4757,2999,178.8,18.81,7.71,0.2356,0.001406,3
1779193635.5516,3000,178.93,18.71,7.98,0.2347,0.002033,3
1779193635.6278,3001,179.07,18.23,8.28,0.2201,0.002601,3
1779193635.7033,3002,179.15,18.04,8.58,0.2143,0.002999,3
1779193635.7734,3003,179.04,18.23,8.4,0.2165,0.004204,3
1779193635.8412,3004,178.87,18.15,8.15,0.2176,0.003925,3
1779193635.9281,3005,179.06,19.6,5.95,0.2876,0.005552,3
1779193636.036,3006,-178.71,15.32,6.8,0.2946,0.006421,3
1779193636.1078,3007,-176.99,13.43,7.04,0.3199,0.007285,3
1779193636.1804,3008,-174.56,7.28,11.26,0.3051,0.006883,3
1779193636.2616,3009,-171.95,4.65,12.63,0.2933,0.007911,3
1779193636.3426,3010,-170.58,1.06,14.17,0.2672,0.006363,3
1779193636.4253,3011,-170.33,-0.5,14.1,0.2595,0.004593,3
1779193636.5102,3012,-170.32,0.23,13.04,0.2881,0.00364,3
1779193636.6123,3013,-169.87,0.35,14.13,0.2779,0.003063,3
1779193636.6884,3014,-169.95,0.42,14.32,0.2779,0.00244,3
1779193636.7718,3015,-169.88,1.4,14.29,0.2744,0.002398,3
1779193636.8529,3016,-170.0,1.59,14.26,0.2547,0.003186,3
1779193636.9738,3017,-170.45,3.59,13.63,0.2823,0.004216,3
1779193637.0587,3018,-170.62,4.24,12.47,0.3018,0.004835,3
1779193637.1143,3019,-170.66,4.42,11.14,0.295,0.005768,3
1779193637.1881,3020,-170.71,5.4,10.24,0.3136,0.006503,3
1779193637.2643,3021,-170.37,3.97,9.61,0.2917,0.006979,3
1779193637.3487,3022,-170.41,4.11,9.85,0.2585,0.006146,3
1779193637.4361,3023,-170.19,4.74,9.07,0.2476,0.005611,3
1779193637.5435,3024,-170.38,8.5,7.71,0.3703,0.004682,3
1779193637.6184,3025,-170.96,5.63,8.56,0.4369,0.00323,3
1779193637.6994,3026,-171.06,5.4,8.08,0.4588,0.002163,3
1779193637.7867,3027,-171.19,5.71,7.7,0.4592,0.00167,3
1779193637.8681,3028,-171.07,5.66,7.62,0.452,0.00135,3
1779193637.9465,3029,-171.07,5.67,7.8,0.4505,0.001221,3
1779193638.0269,3030,-171.12,5.71,7.76,0.4528,0.00128,3
1779193638.0873,3031,-171.27,5.7,7.57,0.4586,0.003985,3
1779193638.153,3032,-171.53,5.51,7.07,0.4618,0.004682,3
1779193638.2302,3033,-171.52,5.29,6.42,0.4576,0.006002,3
1779193638.3142,3034,-171.91,5.86,5.3,0.4531,0.005992,3
1779193638.3956,3035,-172.35,5.29,5.28,0.4541,0.007204,3
1779193638.4854,3036,-172.5,5.42,5.74,0.4494,0.005549,3
1779193638.5689,3037,-173.06,8.17,5.01,0.4486,0.005621,3
1779193638.6575,3038,-173.91,10.18,3.98,0.4486,0.005483,3
1779193638.7682,3039,-174.26,11.9,3.78,0.4414,0.005755,3
1779193638.8487,3040,-175.22,9.76,3.42,0.4332,0.005613,3
1779193638.9197,3041,-176.03,11.75,3.57,0.44,0.005051,3
1779193638.9943,3042,-176.42,12.97,2.99,0.4472,0.005692,3
1779193639.0653,3043,-176.41,13.4,2.76,0.4508,0.007361,3
1779193639.1283,3044,-176.76,14.81,2.58,0.4609,0.009406,3
1779193639.2361,3045,-176.26,12.35,2.88,0.4635,0.010149,3
1779193639.323,3046,-175.76,11.22,2.79,0.4487,0.010347,3
1779193639.3963,3047,-175.4,9.57,2.95,0.4426,0.009488,3
1779193639.4674,3048,-175.37,10.76,3.02,0.4481,0.007018,3
1779193639.5457,3049,-174.97,9.77,3.62,0.4605,0.004946,3
1779193639.6479,3050,-174.52,8.54,5.59,0.4572,0.00436,3
1779193639.727,3051,-174.27,8.42,6.42,0.4416,0.004336,3
1779193639.82,3052,-174.04,8.77,7.49,0.4504,0.004081,3
1779193639.9146,3053,-173.73,7.06,9.06,0.4512,0.004276,3
1779193639.9959,3054,-173.54,7.82,8.9,0.4315,0.004182,3
1779193640.0678,3055,-173.26,6.43,8.36,0.4323,0.003862,3
1779193640.1321,3056,-173.09,5.79,8.23,0.4343,0.003319,3
1779193640.2036,3057,-172.76,5.77,9.08,0.4276,0.003306,3
1779193640.2913,3058,-171.52,3.56,14.64,0.3759,0.002795,3
1779193640.3735,3059,-170.04,3.1,14.8,0.3393,0.002241,3
1779193640.4498,3060,-169.0,0.69,16.43,0.309,0.001348,3
1779193640.5293,3061,-167.56,0.98,15.73,0.2618,0.001494,3
1779193640.6057,3062,-166.87,-2.32,16.38,0.2827,0.001598,3
1779193640.683,3063,-166.12,-4.03,15.57,0.2796,0.002294,3
1779193640.762,3064,-165.65,-4.06,16.53,0.2918,0.002998,3
1779193640.8451,3065,-164.78,-3.58,16.57,0.2718,0.002957,3
1779193640.916,3066,-163.45,-2.99,15.88,0.2761,0.002865,3
1779193640.9892,3067,-163.41,-3.02,16.71,0.2585,0.002709,3
1779193641.0639,3068,-163.12,-3.34,15.98,0.2653,0.002588,3
1779193641.1289,3069,-163.12,-2.97,16.29,0.2582,0.002095,3
1779193641.1949,3070,-163.2,-3.46,16.4,0.2617,0.002042,3
1779193641.2672,3071,-163.21,-3.25,16.56,0.2626,0.001973,3
1779193641.3418,3072,-163.53,-3.3,16.96,0.2632,0.0022,3
1779193641.421,3073,-163.79,-2.8,16.37,0.2815,0.001607,3
1779193641.4976,3074,-163.88,-2.88,15.89,0.2738,0.001588,3
1779193641.5779,3075,-164.04,-2.18,15.93,0.2706,0.001475,3
1779193641.6559,3076,-164.72,-3.01,14.26,0.3675,0.001227,3
1779193641.7284,3077,-164.78,-3.09,13.94,0.4068,0.000819,3
1779193641.805,3078,-164.81,-3.43,14.59,0.4099,0.000853,3
1779193641.8804,3079,-164.93,-3.64,14.49,0.4091,0.000768,3
1779193641.9556,3080,-164.77,-3.66,14.12,0.4066,0.001233,3
1779193642.0349,3081,-164.61,-3.54,13.84,0.4093,0.001238,3
1779193642.103,3082,-164.58,-3.71,13.78,0.4078,0.001163,3
1779193642.1699,3083,-164.66,-4.11,13.85,0.4112,0.000996,3
1779193642.2381,3084,-164.68,-3.86,13.96,0.4112,0.001095,3
1779193642.3164,3085,-164.77,-3.55,13.85,0.416,0.000916,3
1779193642.3911,3086,-164.8,-3.55,13.4,0.4246,0.000962,3
1779193642.4694,3087,-164.88,-3.03,13.37,0.4217,0.001752,3
1779193642.5568,3088,-165.04,-2.67,13.57,0.4183,0.00208,3
1779193642.6628,3089,-165.27,-3.01,15.12,0.3071,0.002457,3
1779193642.7389,3090,-164.92,-2.14,15.23,0.2752,0.002435,3
1779193642.8056,3091,-164.62,-1.95,15.18,0.2603,0.002913,3
1779193642.8697,3092,-164.01,-1.4,15.53,0.2335,0.00225,3
1779193642.9485,3093,-164.06,-1.96,16.24,0.2473,0.002009,3
1779193643.0321,3094,-164.0,-1.95,16.03,0.2699,0.001529,3
1779193643.1056,3095,-163.9,-1.98,15.75,0.2783,0.001532,3
1779193643.1748,3096,-163.91,-1.99,15.68,0.2803,0.001074,3
1779193643.2479,3097,-163.85,-2.0,14.96,0.2861,0.001355,3
1779193643.3218,3098,-163.73,-2.21,14.95,0.2803,0.00201,3
1779193643.4044,3099,-163.72,-2.39,15.2,0.2688,0.002427,3
1779193643.4834,3100,-163.78,-2.6,15.05,0.266,0.002604,3
1779193643.554,3101,-163.76,-2.51,14.64,0.2672,0.002886,3
1779193643.6383,3102,-163.81,-3.0,14.72,0.269,0.002765,3
1779193643.718,3103,-163.99,-3.21,15.32,0.2636,0.00209,3
1779193643.7974,3104,-164.25,-2.75,15.51,0.2904,0.001723,3
1779193643.8804,3105,-164.3,-1.9,15.17,0.2915,0.001292,3
1779193643.9584,3106,-164.28,-1.6,15.33,0.293,0.001098,3
1779193644.0321,3107,-164.29,-1.09,15.21,0.2886,0.001207,3
1779193644.1056,3108,-164.26,-0.64,14.84,0.2879,0.001647,3
1779193644.1707,3109,-164.22,-0.74,14.75,0.282,0.001763,3
1779193644.2475,3110,-164.14,-1.0,14.83,0.283,0.002208,3
1779193644.3243,3111,-164.07,-1.38,14.57,0.2645,0.002689,3
1779193644.4012,3112,-164.15,-1.57,14.58,0.2414,0.002997,3
1779193644.4787,3113,-164.11,-1.77,14.83,0.2362,0.00266,3
1779193644.5616,3114,-164.24,-1.57,14.81,0.2369,0.003003,3
1779193644.6651,3115,-164.31,-1.44,14.33,0.2502,0.002776,3
1779193644.7401,3116,-164.31,-1.96,14.29,0.259,0.002262,3
1779193644.8223,3117,-164.22,-1.93,14.11,0.262,0.001768,3
1779193644.903,3118,-164.06,-1.99,13.96,0.2546,0.001993,3
1779193644.9943,3119,-163.88,-1.65,14.56,0.2723,0.00178,3
1779193645.0696,3120,-163.86,-1.9,14.62,0.2631,0.002198,3
1779193645.1352,3121,-163.84,-1.85,14.63,0.2632,0.002513,3
1779193645.2011,3122,-163.71,-1.75,14.51,0.2623,0.00311,3
1779193645.272,3123,-163.77,-1.17,14.3,0.2789,0.003537,3
1779193645.3525,3124,-163.71,-1.11,14.24,0.2729,0.003874,3
1779193645.4596,3125,-163.6,-0.85,14.29,0.2776,0.003652,3
1779193645.5568,3126,-163.81,-0.93,14.16,0.2797,0.003634,3
1779193645.6375,3127,-163.84,-0.55,14.34,0.2723,0.003658,3
1779193645.7287,3128,-164.22,-1.97,14.67,0.2672,0.003728,3
1779193645.8119,3129,-165.27,-3.0,13.86,0.3891,0.003131,3
1779193645.8957,3130,-165.59,-2.45,13.69,0.4055,0.003474,3
1779193645.9752,3131,-165.69,-1.54,13.51,0.4249,0.003166,3
1779193646.0513,3132,-165.42,-1.16,13.26,0.4278,0.002764,3
1779193646.1192,3133,-165.65,-1.07,12.47,0.4411,0.003558,3
1779193646.1839,3134,-165.59,-0.39,12.47,0.4401,0.005776,3
1779193646.2564,3135,-165.66,-0.14,12.23,0.4399,0.012781,3
1779193646.3311,3136,-165.74,-0.32,12.17,0.4367,0.016954,3
1779193646.4077,3137,-165.86,-0.57,11.49,0.4359,0.019171,3
1779193646.4986,3138,-165.81,-1.11,11.56,0.4398,0.021729,3
1779193646.6215,3139,-165.85,-1.74,11.81,0.4369,0.020899,3
1779193646.6938,3140,-166.04,-2.46,11.98,0.4432,0.015737,3
1779193646.7818,3141,-166.37,0.03,11.11,0.4325,0.01611,3
1779193646.8964,3142,-166.57,0.27,10.58,0.4385,0.016525,3
1779193646.9854,3143,-166.66,0.64,9.88,0.4429,0.014536,3
1779193647.0562,3144,-166.73,0.32,9.89,0.4483,0.013234,3
1779193647.1254,3145,-166.97,0.59,10.05,0.4469,0.010951,3
1779193647.1929,3146,-167.02,1.35,10.15,0.4461,0.007235,3
1779193647.2693,3147,-167.54,1.8,10.41,0.3426,0.004858,3
1779193647.3405,3148,-166.38,3.0,11.83,0.2777,0.003149,3
1779193647.4166,3149,-165.59,6.12,11.76,0.293,0.003551,3
1779193647.5077,3150,-164.86,5.79,12.05,0.272,0.004072,3
1779193647.5959,3151,-165.05,5.43,12.94,0.2509,0.003664,3
1779193647.6635,3152,-165.05,5.36,13.23,0.2171,0.004368,3
1779193647.7473,3153,-165.21,6.11,13.14,0.2309,0.005234,3
1779193647.8238,3154,-165.14,5.88,13.78,0.2294,0.00527,3
1779193647.9116,3155,-165.15,5.63,13.66,0.2339,0.004695,3
1779193647.9918,3156,-165.11,5.57,13.65,0.2283,0.004375,3
1779193648.0834,3157,-165.01,5.56,13.62,0.2392,0.003048,3
1779193648.1493,3158,-164.93,5.06,13.8,0.2385,0.001809,3
1779193648.2195,3159,-165.13,5.41,13.37,0.2228,0.001518,3
1779193648.2939,3160,-165.53,8.34,10.46,0.375,0.001399,3
1779193648.3688,3161,-165.57,9.35,11.03,0.4171,0.001212,3
1779193648.4582,3162,-165.56,7.96,11.22,0.4219,0.001261,3
1779193648.5688,3163,-165.79,7.02,11.11,0.4211,0.001121,3
1779193648.6566,3164,-165.9,6.68,11.57,0.4188,0.000951,3
1779193648.7308,3165,-165.89,6.29,11.79,0.4116,0.00085,3
1779193648.8181,3166,-165.84,5.94,12.5,0.4072,0.000868,3
1779193648.9328,3167,-165.96,5.86,12.91,0.3767,0.001032,3
1779193649.0083,3168,-165.63,7.36,12.6,0.3349,0.00135,3
1779193649.0776,3169,-165.28,7.48,12.91,0.3209,0.001213,3
1779193649.1451,3170,-165.25,7.82,13.12,0.3055,0.001423,3
1779193649.2195,3171,-165.23,7.07,13.05,0.2817,0.001846,3
1779193649.289,3172,-165.12,6.97,13.06,0.2702,0.001855,3
1779193649.3604,3173,-164.75,6.99,13.2,0.2553,0.002078,3
1779193649.4389,3174,-164.56,6.93,13.26,0.2499,0.002404,3
1779193649.5191,3175,-164.53,6.21,13.67,0.2228,0.002565,3
1779193649.5937,3176,-164.57,6.16,13.85,0.2233,0.002369,3
1779193649.6741,3177,-164.66,6.58,13.24,0.2499,0.002361,3
1779193649.7504,3178,-164.71,6.31,13.31,0.2504,0.001825,3
1779193649.8313,3179,-164.92,6.6,13.47,0.2734,0.001559,3
1779193649.9144,3180,-164.9,6.51,13.51,0.2758,0.001182,3
1779193649.991,3181,-164.71,6.14,13.81,0.2765,0.001128,3
1779193650.0654,3182,-164.79,6.05,13.89,0.2695,0.001018,3
1779193650.1346,3183,-164.82,6.12,14.52,0.2531,0.001057,3
1779193650.1989,3184,-164.63,5.79,14.87,0.241,0.001221,3
1779193650.2632,3185,-164.52,5.39,15.09,0.2355,0.001447,3
1779193650.333,3186,-164.46,5.27,14.99,0.2337,0.001472,3
1779193650.409,3187,-164.43,5.53,15.02,0.2405,0.001741,3
1779193650.5013,3188,-164.4,5.62,14.87,0.2457,0.001776,3
1779193650.5889,3189,-164.45,5.44,14.84,0.2545,0.001822,3
1779193650.6656,3190,-164.47,4.95,15.16,0.254,0.001842,3
1779193650.7479,3191,-164.53,5.17,15.09,0.2378,0.001845,3
1779193650.8334,3192,-164.6,5.29,14.42,0.2519,0.00272,3
1779193650.9212,3193,-164.75,5.59,14.11,0.2638,0.003136,3
1779193651.0125,3194,-164.85,6.75,13.6,0.2797,0.002978,3
1779193651.1088,3195,-164.76,6.39,14.05,0.2537,0.003055,3
1779193651.1693,3196,-164.75,7.02,13.66,0.2501,0.002966,3
1779193651.2324,3197,-164.67,6.41,13.76,0.2386,0.00205,3
1779193651.3081,3198,-164.6,6.26,14.19,0.2379,0.00245,3
1779193651.3844,3199,-164.63,6.34,14.08,0.2408,0.0028,3
1779193651.4796,3200,-164.86,6.15,13.82,0.2512,0.002826,3
1779193651.5927,3201,-164.83,5.51,13.35,0.26,0.002805,3
1779193651.658,3202,-164.73,5.63,13.12,0.2477,0.002655,3
1779193651.719,3203,-164.66,5.0,13.1,0.2351,0.002223,3
1779193651.7768,3204,-164.66,4.97,13.12,0.2313,0.00187,3
1779193651.8374,3205,-164.49,7.13,12.97,0.2467,0.002404,3
1779193651.9259,3206,-164.7,6.81,12.94,0.2451,0.002187,3
1779193652.0047,3207,-164.71,7.22,12.5,0.2577,0.002107,3
1779193652.0577,3208,-164.62,7.22,12.17,0.2625,0.001828,3
1779193652.1173,3209,-164.58,7.16,12.25,0.2616,0.001986,3
1779193652.2098,3210,-164.81,7.18,12.3,0.2688,0.001536,3
1779193652.2697,3211,-165.02,7.56,12.75,0.2705,0.002123,3
1779193652.343,3212,-165.24,8.14,12.96,0.2654,0.002075,3
1779193652.4249,3213,-165.22,8.18,12.88,0.2615,0.00206,3
1779193652.5036,3214,-165.2,7.76,13.06,0.2432,0.001684,3
1779193652.5863,3215,-165.22,7.57,13.07,0.2552,0.001336,3
1779193652.672,3216,-165.38,7.59,12.66,0.258,0.000907,3
1779193652.7557,3217,-165.43,7.21,12.36,0.2457,0.000955,3
1779193652.8392,3218,-165.33,6.87,12.48,0.2446,0.001386,3
1779193652.9273,3219,-165.22,7.1,12.38,0.2497,0.002362,3
1779193653.0148,3220,-165.29,7.54,12.21,0.2535,0.002654,3
1779193653.082,3221,-165.22,6.97,12.61,0.2511,0.002598,3
1779193653.1489,3222,-165.26,6.88,12.73,0.2452,0.0026,3
1779193653.2419,3223,-165.27,6.02,13.3,0.2434,0.001995,3
1779193653.3115,3224,-165.33,5.85,13.12,0.2387,0.001069,3
1779193653.3846,3225,-165.26,5.32,13.18,0.2383,0.000632,3
1779193653.4609,3226,-165.33,5.29,13.23,0.2404,0.000546,3
1779193653.5383,3227,-165.25,5.67,12.86,0.2522,0.000566,3
1779193653.6059,3228,-165.3,6.09,12.04,0.2526,0.00057,3
1779193653.6802,3229,-165.33,6.06,12.59,0.2331,0.000584,3
1779193653.7859,3230,-165.28,6.28,12.67,0.241,0.0007,3
1779193653.865,3231,-165.41,7.54,12.84,0.2525,0.000861,3
1779193653.9463,3232,-165.43,7.68,12.86,0.2575,0.00099,3
1779193654.0241,3233,-165.25,8.34,12.62,0.2678,0.001133,3
1779193654.0951,3234,-165.32,7.8,12.79,0.2735,0.001336,3
1779193654.164,3235,-165.56,7.14,12.51,0.281,0.001318,3
1779193654.2388,3236,-165.79,5.81,13.22,0.2652,0.001746,3
1779193654.3244,3237,-165.77,6.78,12.98,0.2826,0.00159,3
1779193654.4116,3238,-165.85,7.22,12.84,0.2716,0.002176,3
1779193654.5018,3239,-165.79,7.57,12.82,0.2734,0.002232,3
1779193654.6143,3240,-165.68,7.31,13.38,0.2377,0.002285,3
1779193654.728,3241,-165.66,7.72,13.35,0.2408,0.001935,3
1779193654.8089,3242,-165.66,7.95,12.55,0.2438,0.002043,3
1779193654.8868,3243,-165.39,6.83,12.66,0.2332,0.001904,3
1779193654.9764,3244,-165.07,7.39,12.57,0.2543,0.001886,3
1779193655.0616,3245,-165.08,7.44,12.61,0.2497,0.001827,3
1779193655.1265,3246,-165.15,7.09,13.31,0.2556,0.002149,3
1779193655.225,3247,-165.37,7.26,13.29,0.2599,0.002327,3
1779193655.3009,3248,-165.31,6.61,13.35,0.2332,0.002269,3
1779193655.3689,3249,-165.43,6.97,13.07,0.2436,0.002533,3
1779193655.4493,3250,-165.39,6.9,12.65,0.2421,0.002785,3
1779193655.5138,3251,-165.53,7.13,12.08,0.2718,0.002801,3
1779193655.6062,3252,-165.64,6.84,11.95,0.2625,0.003144,3
1779193655.6871,3253,-165.59,6.94,12.26,0.2696,0.002757,3
1779193655.7623,3254,-165.27,6.76,11.56,0.295,0.002279,3
1779193655.8686,3255,-163.29,2.39,15.95,0.2786,0.002681,3
1779193655.9672,3256,-162.33,-0.33,15.26,0.2585,0.002191,3
1779193656.0758,3257,-161.86,-2.58,14.64,0.2831,0.002004,3
1779193656.1418,3258,-161.83,-3.88,14.66,0.2817,0.002111,3
1779193656.2099,3259,-161.34,-4.45,16.48,0.2644,0.002629,3
1779193656.2846,3260,-160.8,-4.87,16.07,0.2645,0.002018,3
1779193656.3601,3261,-160.96,-7.87,13.74,0.3824,0.00224,3
1779193656.4431,3262,-161.53,-7.47,13.92,0.4181,0.001966,3
1779193656.5205,3263,-161.63,-6.55,13.42,0.4178,0.00193,3
1779193656.6004,3264,-161.92,-6.73,12.6,0.4159,0.001363,3
1779193656.6765,3265,-161.91,-6.22,12.77,0.4159,0.00123,3
1779193656.7598,3266,-162.19,-4.91,13.05,0.4067,0.000987,3
1779193656.8376,3267,-162.21,-4.96,12.24,0.4083,0.00094,3
1779193656.9188,3268,-162.34,-4.59,12.4,0.4116,0.000852,3
1779193657.0009,3269,-162.54,-3.54,12.56,0.417,0.00099,3
1779193657.0619,3270,-162.56,-3.21,12.32,0.418,0.000962,3
1779193657.1266,3271,-162.61,-3.39,12.29,0.4167,0.001272,3
1779193657.1875,3272,-162.62,-3.49,12.56,0.4185,0.001028,3
1779193657.259,3273,-162.72,-3.15,12.14,0.4174,0.001269,3
1779193657.3337,3274,-162.7,-2.46,12.01,0.4228,0.001524,3
1779193657.3989,3275,-162.81,-2.47,11.98,0.4257,0.001946,3
1779193657.4762,3276,-162.84,-2.55,12.08,0.423,0.001832,3
1779193657.5686,3277,-163.32,-2.07,11.83,0.4215,0.002408,3
1779193657.6962,3278,-163.36,-1.49,10.86,0.4188,0.002614,3
1779193657.7615,3279,-163.74,-1.27,9.93,0.4155,0.002691,3
1779193657.8624,3280,-164.05,-2.53,10.1,0.4181,0.002519,3
1779193657.9699,3281,-164.33,-3.53,9.35,0.432,0.002327,3
1779193658.0454,3282,-164.4,-2.92,8.15,0.4392,0.001803,3
1779193658.1135,3283,-164.48,-3.17,8.22,0.4494,0.001717,3
1779193658.18,3284,-164.56,-2.74,7.84,0.443,0.002038,3
1779193658.2507,3285,-164.53,-2.74,7.88,0.4498,0.002466,3
1779193658.3249,3286,-164.55,-2.9,8.34,0.448,0.003185,3
1779193658.4006,3287,-164.67,-3.0,8.14,0.4469,0.003718,3
1779193658.4757,3288,-164.75,-2.63,7.8,0.4477,0.003204,3
1779193658.5528,3289,-164.78,-2.33,7.64,0.4432,0.002778,3
1779193658.6292,3290,-164.98,-2.53,7.65,0.4392,0.00218,3
1779193658.7109,3291,-165.09,-2.65,7.23,0.4394,0.001851,3
1779193658.792,3292,-165.16,-2.41,7.3,0.4412,0.001734,3
1779193658.8651,3293,-165.24,-0.99,6.95,0.442,0.001935,3
1779193658.9408,3294,-165.35,-0.04,6.91,0.445,0.001601,3
1779193659.0174,3295,-165.43,0.13,6.33,0.4512,0.001735,3
1779193659.0846,3296,-165.49,0.5,6.07,0.4535,0.00129,3
1779193659.1477,3297,-165.54,0.39,6.22,0.4581,0.001151,3
1779193659.2154,3298,-165.51,0.1,6.4,0.4613,0.001136,3
1779193659.2787,3299,-165.49,0.03,6.4,0.4643,0.001131,3
1779193659.3452,3300,-165.56,0.28,6.11,0.4654,0.001055,3
1779193659.419,3301,-165.58,0.55,5.97,0.4636,0.001068,3
1779193659.501,3302,-165.66,1.55,5.87,0.4623,0.001013,3
1779193659.5827,3303,-165.78,2.33,5.87,0.4616,0.001144,3
1779193659.6578,3304,-166.64,0.71,6.84,0.4094,0.002029,3
1779193659.7404,3305,-166.44,2.36,8.37,0.3283,0.002662,3
1779193659.8158,3306,-166.33,3.17,7.8,0.299,0.003151,3
1779193659.8753,3307,-165.38,3.04,10.6,0.3114,0.003417,3
1779193659.9544,3308,-165.17,3.87,11.38,0.2641,0.003416,3
1779193660.034,3309,-164.5,4.12,12.29,0.2104,0.002763,3
1779193660.1002,3310,-163.68,1.63,13.98,0.2527,0.002402,3
1779193660.1678,3311,-163.55,1.86,14.43,0.2557,0.002228,3
1779193660.2415,3312,-163.11,2.47,13.97,0.2701,0.002495,3
1779193660.3215,3313,-162.98,1.52,14.66,0.287,0.002668,3
1779193660.3884,3314,-162.59,1.25,13.94,0.2499,0.002799,3
1779193660.4892,3315,-161.69,-0.45,15.06,0.2378,0.002562,3
1779193660.5874,3316,-161.06,-1.8,16.57,0.2379,0.002368,3
1779193660.6666,3317,-159.67,-1.82,14.93,0.2324,0.001796,3
1779193660.7547,3318,-158.62,-2.49,15.23,0.2234,0.001514,3
1779193660.8688,3319,-157.25,-5.57,17.0,0.2791,0.001675,3
1779193660.9501,3320,-155.07,-5.17,15.18,0.2998,0.002488,3
1779193661.0251,3321,-153.72,-8.82,15.97,0.3052,0.00297,3
1779193661.0951,3322,-153.23,-7.94,17.71,0.2481,0.002716,3
1779193661.1571,3323,-152.14,-7.84,14.07,0.2813,0.002999,3
1779193661.2263,3324,-151.29,-8.23,13.31,0.2878,0.002855,3
1779193661.2979,3325,-150.92,-8.53,13.99,0.242,0.001988,3
1779193661.3759,3326,-150.6,-9.89,14.0,0.2516,0.0015,3
1779193661.4551,3327,-150.41,-10.38,13.48,0.2399,0.001492,3
1779193661.5154,3328,-150.21,-11.08,13.64,0.2656,0.001373,3
1779193661.5938,3329,-150.27,-10.03,14.37,0.2734,0.001125,3
1779193661.674,3330,-150.23,-10.44,14.08,0.2694,0.001129,3
1779193661.7465,3331,-150.08,-9.98,13.54,0.2694,0.001117,3
1779193661.8187,3332,-150.13,-10.08,13.68,0.2759,0.00151,3
1779193661.8886,3333,-150.29,-9.47,14.02,0.2614,0.001976,3
1779193661.9895,3334,-150.24,-9.34,13.87,0.2574,0.001822,3
1779193662.064,3335,-150.57,-9.38,14.53,0.2612,0.002004,3
1779193662.1317,3336,-150.77,-9.11,14.65,0.2556,0.001956,3
1779193662.1999,3337,-150.98,-7.89,14.06,0.2679,0.001954,3
1779193662.2776,3338,-151.85,-8.08,13.94,0.2822,0.001826,3
1779193662.3611,3339,-152.85,-6.75,14.72,0.286,0.002406,3
1779193662.4649,3340,-153.58,-4.65,14.93,0.319,0.002148,3
1779193662.5464,3341,-154.49,-3.25,17.06,0.2874,0.002346,3
1779193662.6318,3342,-155.3,-2.31,18.65,0.2567,0.002056,3
1779193662.7136,3343,-156.08,-2.16,19.68,0.2637,0.001798,3
1779193662.7896,3344,-156.91,-3.02,19.18,0.2556,0.001488,3
1779193662.8625,3345,-157.15,-2.84,19.09,0.2457,0.001738,3
1779193662.9371,3346,-157.46,-2.67,17.9,0.2486,0.00176,3
1779193663.0056,3347,-157.71,-1.36,17.9,0.2703,0.002294,3
1779193663.0658,3348,-157.66,-1.26,17.69,0.2694,0.002201,3
1779193663.1367,3349,-157.79,-0.18,16.4,0.2586,0.001992,3
1779193663.2033,3350,-157.99,-0.39,17.32,0.2481,0.00183,3
1779193663.2737,3351,-157.9,-0.67,17.2,0.2372,0.001885,3
1779193663.3724,3352,-157.86,-0.42,17.26,0.2304,0.001738,3
1779193663.4679,3353,-157.74,-1.77,17.44,0.2338,0.001791,3
1779193663.5792,3354,-157.6,-1.7,17.79,0.2356,0.00184,3
1779193663.66,3355,-157.43,-2.11,17.23,0.2462,0.001816,3
1779193663.7439,3356,-157.29,-1.89,17.15,0.2632,0.001804,3
1779193663.8292,3357,-156.97,-2.42,16.65,0.2584,0.001866,3
1779193663.9131,3358,-156.89,-3.27,16.47,0.2476,0.001791,3
1779193663.9929,3359,-156.94,-2.98,16.3,0.256,0.001741,3
1779193664.0731,3360,-156.67,-2.41,16.06,0.266,0.001658,3
1779193664.1422,3361,-156.67,-2.2,16.6,0.2576,0.001646,3
1779193664.2171,3362,-156.52,-3.12,17.09,0.2315,0.001352,3
1779193664.2993,3363,-156.21,-3.32,16.84,0.23,0.001261,3
1779193664.4083,3364,-156.03,-3.01,16.52,0.2361,0.001453,3
1779193664.489,3365,-155.67,-2.52,16.81,0.2205,0.001361,3
1779193664.5632,3366,-155.56,-3.59,16.97,0.2438,0.001038,3
1779193664.6355,3367,-155.4,-4.26,17.31,0.2656,0.001009,3
1779193664.711,3368,-155.43,-5.33,18.97,0.258,0.001173,3
1779193664.7784,3369,-155.08,-8.05,17.05,0.3072,0.001362,3
1779193664.8499,3370,-154.03,-10.07,15.86,0.3328,0.001737,3
1779193664.9478,3371,-154.28,-9.82,16.67,0.3098,0.001894,3
1779193665.0155,3372,-153.99,-9.66,16.56,0.2613,0.002001,3
1779193665.0874,3373,-154.23,-9.94,16.44,0.2435,0.002162,3
1779193665.1537,3374,-153.84,-10.39,15.92,0.2544,0.001781,3
1779193665.2203,3375,-153.73,-9.87,16.29,0.2565,0.001729,3
1779193665.2881,3376,-153.66,-10.2,15.83,0.2495,0.002161,3
1779193665.3563,3377,-153.5,-10.71,15.22,0.259,0.002477,3
1779193665.4574,3378,-153.44,-9.92,15.54,0.2513,0.002447,3
1779193665.5218,3379,-153.51,-9.45,14.85,0.2506,0.002718,3
1779193665.5953,3380,-153.68,-10.01,15.07,0.2591,0.00247,3
1779193665.6737,3381,-153.68,-10.04,14.78,0.2546,0.002101,3
1779193665.7448,3382,-153.74,-9.25,15.38,0.2172,0.001637,3
1779193665.8276,3383,-153.6,-8.8,15.31,0.2325,0.001452,3
1779193665.9048,3384,-153.91,-8.23,15.4,0.2439,0.001478,3
1779193665.9745,3385,-154.11,-8.61,15.45,0.236,0.001873,3
1779193666.079,3386,-154.12,-8.43,15.88,0.2428,0.001881,3
1779193666.1317,3387,-153.92,-8.03,15.95,0.2444,0.001885,3
1779193666.1944,3388,-154.13,-7.48,15.26,0.2544,0.001575,3
1779193666.2641,3389,-154.27,-7.36,16.09,0.2439,0.001344,3
1779193666.3392,3390,-154.17,-6.92,15.15,0.2529,0.001008,3
1779193666.408,3391,-153.95,-7.19,15.43,0.2344,0.000893,3
1779193666.5104,3392,-153.86,-7.63,15.07,0.2386,0.000826,3
1779193666.6138,3393,-153.92,-10.2,14.42,0.2461,0.000778,3
1779193666.6879,3394,-153.66,-10.23,14.13,0.2544,0.000834,3
1779193666.7614,3395,-153.65,-9.84,13.8,0.2717,0.000904,3
1779193666.8842,3396,-153.63,-9.69,13.75,0.2947,0.001006,3
1779193666.9705,3397,-153.69,-8.74,13.54,0.2943,0.001388,3
1779193667.0443,3398,-154.23,-8.56,14.59,0.2788,0.001907,3
1779193667.1098,3399,-154.2,-8.32,14.4,0.2784,0.001846,3
1779193667.1728,3400,-154.47,-7.43,15.36,0.2617,0.001791,3
1779193667.2431,3401,-154.37,-6.95,15.12,0.2664,0.001751,3
1779193667.315,3402,-154.6,-6.98,15.23,0.259,0.001371,3
1779193667.3909,3403,-154.71,-7.47,15.48,0.2673,0.000834,3
1779193667.4799,3404,-154.88,-7.29,15.66,0.2483,0.00089,3
1779193667.5582,3405,-155.06,-6.43,15.96,0.2628,0.000957,3
1779193667.6409,3406,-154.87,-6.31,15.09,0.2654,0.000941,3
1779193667.7449,3407,-154.86,-6.69,15.02,0.2643,0.001189,3
1779193667.8455,3408,-154.75,-6.22,15.14,0.2609,0.001596,3
1779193667.9178,3409,-154.64,-5.8,15.05,0.2647,0.001415,3
1779193667.9974,3410,-155.12,-6.71,15.59,0.2754,0.001347,3
1779193668.0648,3411,-155.16,-7.03,15.83,0.2606,0.001401,3
1779193668.1286,3412,-155.33,-6.56,15.78,0.2354,0.001065,3
1779193668.1981,3413,-155.52,-6.27,15.82,0.2513,0.000837,3
1779193668.2786,3414,-155.62,-5.68,15.41,0.2577,0.001013,3
1779193668.3499,3415,-155.59,-5.82,15.4,0.2629,0.001009,3
1779193668.4254,3416,-155.47,-5.46,14.88,0.2734,0.000834,3
1779193668.503,3417,-155.49,-5.5,14.7,0.2764,0.000897,3
1779193668.5787,3418,-155.52,-5.07,14.97,0.2606,0.000898,3
1779193668.6553,3419,-155.71,-5.51,14.73,0.2597,0.000795,3
1779193668.7336,3420,-155.7,-5.3,14.57,0.2607,0.000948,3
1779193668.8099,3421,-155.96,-5.33,14.7,0.2675,0.001003,3
1779193668.8851,3422,-155.93,-5.46,14.73,0.2624,0.000995,3
1779193668.9637,3423,-155.79,-5.29,14.64,0.2665,0.000889,3
1779193669.041,3424,-155.56,-4.82,15.27,0.2658,0.001122,3
1779193669.1096,3425,-155.51,-4.95,15.24,0.2618,0.001207,3
1779193669.1766,3426,-155.51,-5.25,15.42,0.2639,0.001186,3
1779193669.2533,3427,-155.35,-4.84,15.31,0.2637,0.001317,3
1779193669.3283,3428,-155.57,-5.12,15.42,0.2649,0.00159,3
1779193669.4037,3429,-155.59,-5.48,15.26,0.2621,0.001591,3
1779193669.488,3430,-155.66,-5.34,15.25,0.2577,0.001779,3
1779193669.5883,3431,-155.73,-5.25,15.16,0.251,0.001727,3
1779193669.6624,3432,-155.77,-4.71,14.97,0.245,0.001632,3
1779193669.7385,3433,-156.02,-4.64,14.99,0.2447,0.001426,3
1779193669.8393,3434,-155.98,-4.4,15.19,0.2478,0.00168,3
1779193669.9337,3435,-156.11,-4.47,15.32,0.2596,0.001816,3
1779193670.0388,3436,-155.99,-2.27,14.83,0.262,0.002169,3
1779193670.1019,3437,-156.34,-2.08,14.83,0.2667,0.002353,3
1779193670.1628,3438,-156.5,-3.24,15.91,0.271,0.002625,3
1779193670.2373,3439,-157.07,-3.19,15.48,0.2573,0.002111,3
1779193670.3084,3440,-157.26,-3.09,15.56,0.2599,0.001556,3
1779193670.381,3441,-157.21,-3.43,16.36,0.2655,0.001347,3
1779193670.4583,3442,-156.96,-3.81,16.69,0.2666,0.001277,3
1779193670.5321,3443,-156.83,-3.85,16.51,0.2699,0.000925,3
1779193670.6083,3444,-157.01,-4.57,15.9,0.2822,0.001134,3
1779193670.6847,3445,-156.78,-4.81,15.61,0.2915,0.0014,3
1779193670.7579,3446,-156.71,-4.6,15.7,0.2902,0.001731,3
1779193670.8306,3447,-156.69,-4.25,15.17,0.2833,0.001901,3
1779193670.9038,3448,-156.78,-4.24,15.37,0.2769,0.002121,3
1779193670.9783,3449,-156.84,-4.49,15.39,0.2849,0.002397,3
1779193671.0568,3450,-156.98,-5.65,14.61,0.2864,0.002308,3
1779193671.1173,3451,-156.98,-5.21,14.67,0.277,0.002126,3
1779193671.1787,3452,-157.12,-5.4,14.74,0.2745,0.001783,3
1779193671.2613,3453,-157.13,-5.08,14.71,0.2619,0.001577,3
1779193671.3366,3454,-157.15,-4.95,14.53,0.2624,0.001144,3
1779193671.4125,3455,-157.08,-4.72,14.57,0.2501,0.000904,3
1779193671.4869,3456,-156.85,-3.7,15.02,0.259,0.00055,3
1779193671.5657,3457,-157.12,-3.11,14.84,0.2789,0.000581,3
1779193671.6425,3458,-157.27,-2.96,15.37,0.2584,0.000571,3
1779193671.7208,3459,-157.24,-2.89,15.2,0.2602,0.000808,3
1779193671.8068,3460,-157.3,-3.23,15.12,0.2615,0.000872,3
1779193671.9136,3461,-157.19,-3.17,15.28,0.2483,0.001009,3
1779193671.9893,3462,-157.35,-3.51,14.84,0.2552,0.001053,3
1779193672.0605,3463,-157.32,-3.54,14.99,0.2476,0.001093,3
1779193672.1312,3464,-157.45,-3.76,15.05,0.2541,0.001192,3
1779193672.1959,3465,-157.4,-3.29,15.2,0.2708,0.001967,3
1779193672.2739,3466,-157.4,-3.44,15.74,0.2753,0.002246,3
1779193672.3492,3467,-157.4,-3.51,16.0,0.2772,0.002509,3
1779193672.4252,3468,-157.34,-3.61,15.9,0.2704,0.00295,3
1779193672.5288,3469,-157.36,-3.67,15.86,0.274,0.002889,3
1779193672.6016,3470,-157.39,-3.66,16.06,0.2738,0.002186,3
1779193672.695,3471,-157.42,-4.28,15.85,0.2793,0.001941,3
1779193672.7938,3472,-157.27,-4.49,15.64,0.2804,0.001688,3
1779193672.8718,3473,-157.03,-4.34,15.34,0.292,0.001556,3
1779193672.9712,3474,-157.0,-4.28,15.61,0.2816,0.001911,3
1779193673.0581,3475,-156.99,-4.02,15.88,0.2799,0.00265,3
1779193673.1549,3476,-156.9,-4.33,15.95,0.2723,0.002844,3
1779193673.2535,3477,-156.93,-4.25,16.01,0.273,0.002761,3
1779193673.3297,3478,-156.86,-3.99,16.32,0.2656,0.002827,3
1779193673.4136,3479,-156.68,-3.83,16.28,0.26,0.00252,3
1779193673.4977,3480,-156.77,-4.14,16.68,0.263,0.002109,3
1779193673.5884,3481,-156.75,-3.98,16.5,0.2654,0.002037,3
1779193673.6749,3482,-156.89,-3.81,16.6,0.2606,0.002137,3
1779193673.734,3483,-156.93,-3.79,16.69,0.2691,0.001752,3
1779193673.8101,3484,-156.94,-3.93,15.97,0.2785,0.001465,3
1779193673.8963,3485,-156.73,-4.07,16.52,0.2674,0.001055,3
1779193673.977,3486,-156.2,-5.43,16.65,0.2773,0.000971,3
1779193674.0557,3487,-156.35,-6.05,15.55,0.2663,0.000913,3
1779193674.1292,3488,-156.37,-6.29,15.75,0.2879,0.001101,3
1779193674.2243,3489,-156.5,-5.24,16.27,0.2658,0.001489,3
1779193674.3017,3490,-156.36,-5.27,16.59,0.2707,0.001679,3
1779193674.3751,3491,-156.36,-5.33,16.56,0.2692,0.001791,3
1779193674.4513,3492,-156.39,-5.51,16.53,0.2461,0.001843,3
1779193674.5275,3493,-156.18,-5.8,16.04,0.2544,0.001668,3
1779193674.6453,3494,-156.04,-5.42,15.87,0.273,0.001156,3
1779193674.7091,3495,-156.0,-5.21,15.98,0.2703,0.00104,3
1779193674.7743,3496,-156.07,-5.41,16.15,0.2617,0.001029,3
1779193674.8545,3497,-156.02,-5.63,16.45,0.2597,0.001032,3
1779193674.9326,3498,-155.85,-5.39,16.5,0.2552,0.001078,3
1779193675.0127,3499,-155.79,-5.17,16.47,0.2502,0.001111,3
1779193675.0868,3500,-155.81,-5.25,16.44,0.2433,0.000978,3
1779193675.1527,3501,-156.16,-5.95,15.76,0.3202,0.000675,3
1779193675.2194,3502,-157.06,-9.46,15.81,0.381,0.000829,3
1779193675.2926,3503,-157.13,-8.65,14.29,0.3961,0.000965,3
1779193675.3747,3504,-157.05,-8.56,14.2,0.407,0.001029,3
1779193675.4611,3505,-157.2,-9.08,13.63,0.4078,0.001092,3
1779193675.5523,3506,-157.18,-8.61,13.57,0.4085,0.001103,3
1779193675.6366,3507,-157.24,-8.49,13.41,0.4137,0.000936,3
1779193675.7683,3508,-157.33,-8.34,13.71,0.4067,0.000671,3
1779193675.8566,3509,-157.27,-7.56,13.85,0.4031,0.000508,3
1779193675.9334,3510,-157.3,-7.59,13.98,0.4097,0.000416,3
1779193676.0122,3511,-157.3,-8.06,13.67,0.4092,0.000539,3
1779193676.0788,3512,-157.35,-7.85,13.36,0.4137,0.000557,3
1779193676.143,3513,-157.41,-7.97,13.54,0.4147,0.000845,3
1779193676.2104,3514,-157.45,-7.65,13.32,0.4186,0.000921,3
1779193676.2821,3515,-157.69,-6.94,12.28,0.4193,0.000991,3
1779193676.355,3516,-157.96,-7.14,11.95,0.4166,0.000896,3
1779193676.4347,3517,-157.97,-6.14,12.13,0.4172,0.000813,3
1779193676.5132,3518,-157.97,-6.23,12.39,0.4212,0.000504,3
1779193676.5834,3519,-157.96,-5.77,12.31,0.4168,0.000711,3
1779193676.6684,3520,-157.89,-5.91,12.03,0.4242,0.000901,3
1779193676.7473,3521,-157.94,-6.33,12.14,0.422,0.001069,3
1779193676.8268,3522,-157.95,-6.37,12.15,0.4202,0.00109,3
1779193676.9014,3523,-157.98,-6.45,12.18,0.4185,0.001131,3
1779193676.9783,3524,-158.25,-7.15,12.93,0.4048,0.000977,3
1779193677.0489,3525,-158.51,-7.09,13.9,0.3392,0.001013,3
1779193677.1128,3526,-157.47,-5.42,14.55,0.3085,0.001266,3
1779193677.1787,3527,-157.24,-4.93,13.98,0.2874,0.001518,3
1779193677.2524,3528,-157.08,-3.14,13.26,0.2972,0.001865,3
1779193677.3319,3529,-157.0,-3.44,13.97,0.2755,0.002036,3
1779193677.412,3530,-157.2,-3.62,14.5,0.2655,0.001736,3
1779193677.4898,3531,-156.91,-3.93,14.92,0.2707,0.001319,3
1779193677.5666,3532,-156.98,-4.2,15.39,0.2625,0.00122,3
1779193677.6354,3533,-157.11,-4.53,15.09,0.2603,0.001269,3
1779193677.7112,3534,-157.29,-4.92,15.41,0.2786,0.001517,3
1779193677.7945,3535,-157.37,-4.36,16.57,0.2616,0.001914,3
1779193677.8634,3536,-157.32,-4.33,16.45,0.2678,0.002145,3
1779193677.9617,3537,-157.45,-3.98,16.19,0.2634,0.001935,3
1779193678.063,3538,-157.36,-3.69,16.15,0.2555,0.001841,3
1779193678.1355,3539,-157.15,-3.2,16.28,0.2615,0.001629,3
1779193678.2291,3540,-157.41,-3.16,15.91,0.2507,0.001442,3
1779193678.3072,3541,-157.37,-3.06,15.62,0.2408,0.001321,3
1779193678.3869,3542,-157.39,-2.79,15.54,0.2402,0.001458,3
1779193678.4872,3543,-157.21,-2.24,16.08,0.2325,0.001428,3
1779193678.5588,3544,-157.44,-1.52,16.07,0.2264,0.001414,3
1779193678.6312,3545,-157.69,-1.86,15.91,0.2368,0.001221,3
1779193678.7225,3546,-157.64,-1.27,15.89,0.2608,0.001276,3
1779193678.8119,3547,-157.9,-1.18,16.04,0.2642,0.001141,3
1779193678.8904,3548,-158.01,-0.88,15.96,0.2656,0.000873,3
1779193678.9667,3549,-158.11,-0.63,15.6,0.2645,0.000853,3
1779193679.0426,3550,-158.24,-0.95,15.84,0.2706,0.001368,3
1779193679.1113,3551,-158.2,-1.02,15.8,0.2712,0.001879,3
1779193679.1747,3552,-158.24,-1.01,15.66,0.2694,0.002167,3
1779193679.246,3553,-158.24,-1.02,15.51,0.2495,0.002117,3
1779193679.3226,3554,-158.33,-1.28,15.82,0.2442,0.001872,3
1779193679.4226,3555,-158.54,-1.95,16.36,0.2469,0.001642,3
1779193679.4956,3556,-158.42,-1.38,16.46,0.2559,0.00106,3
1779193679.5619,3557,-158.63,-0.56,16.71,0.2624,0.000853,3
1779193679.6335,3558,-158.69,0.57,16.49,0.2659,0.00112,3
1779193679.6861,3559,-159.13,0.37,16.51,0.2385,0.001917,3
1779193679.7632,3560,-159.19,-0.01,16.83,0.236,0.002337,3
1779193679.8183,3561,-159.28,-0.12,16.83,0.2308,0.002834,3
1779193679.8746,3562,-159.35,-0.12,16.95,0.2309,0.002871,3
1779193679.939,3563,-159.32,0.13,16.98,0.2326,0.002844,3
1779193680.0037,3564,-159.33,0.65,17.43,0.2388,0.00211,3
1779193680.0686,3565,-159.36,0.08,16.78,0.2489,0.001592,3
1779193680.1201,3566,-159.57,0.15,17.09,0.2514,0.001068,3
1779193680.1755,3567,-159.84,-0.71,17.3,0.2505,0.000997,3
1779193680.2861,3568,-159.72,-1.37,17.21,0.2525,0.000722,3
1779193680.3639,3569,-159.75,-0.92,16.98,0.2853,0.000666,3
1779193680.4448,3570,-159.64,-0.44,17.11,0.2964,0.000957,3
1779193680.5161,3571,-159.42,-0.4,17.32,0.2948,0.000989,3
1779193680.5798,3572,-159.48,-0.37,17.71,0.2892,0.001208,3
1779193680.652,3573,-159.35,-0.17,17.77,0.2768,0.001357,3
1779193680.7259,3574,-159.48,-0.43,17.4,0.2747,0.001824,3
1779193680.7954,3575,-159.48,-0.21,17.48,0.2725,0.001777,3
1779193680.8717,3576,-159.49,-0.26,17.75,0.2662,0.002147,3
1779193680.979,3577,-159.52,-0.54,18.02,0.2505,0.002215,3
1779193681.0493,3578,-159.55,-0.45,17.78,0.2557,0.002468,3
1779193681.1163,3579,-159.63,-0.57,17.42,0.264,0.002524,3
1779193681.1801,3580,-159.59,-0.65,17.41,0.2632,0.002536,3
1779193681.2569,3581,-159.5,-0.56,17.34,0.2786,0.002016,3
1779193681.3319,3582,-159.51,-0.71,17.23,0.286,0.00188,3
1779193681.3974,3583,-159.36,-1.24,17.57,0.2668,0.001871,3
1779193681.4989,3584,-159.16,-1.0,16.94,0.2633,0.001391,3
1779193681.5979,3585,-159.17,-0.97,16.7,0.2629,0.001622,3
1779193681.6781,3586,-159.49,-1.04,16.87,0.2534,0.002068,3
1779193681.776,3587,-159.57,-0.86,15.19,0.2405,0.001966,3
1779193681.8775,3588,-159.59,-0.6,15.66,0.2428,0.002184,3
1779193681.9569,3589,-160.27,0.12,17.62,0.2275,0.002364,3
1779193682.0398,3590,-160.55,0.02,16.86,0.2616,0.002267,3
1779193682.1126,3591,-160.58,-0.84,17.01,0.2525,0.002157,3
1779193682.1865,3592,-160.55,-0.2,17.33,0.2512,0.002178,3
1779193682.27,3593,-160.6,0.22,17.65,0.2503,0.001702,3
1779193682.3437,3594,-160.74,0.33,17.46,0.2515,0.001723,3
1779193682.4257,3595,-160.86,0.23,17.53,0.2499,0.00132,3
1779193682.5149,3596,-161.04,0.43,17.83,0.2513,0.001144,3
1779193682.5988,3597,-161.1,0.63,18.03,0.2508,0.001046,3
1779193682.6756,3598,-161.16,0.91,17.68,0.2603,0.001163,3
1779193682.7623,3599,-161.24,0.96,18.24,0.2521,0.000937,3
1779193682.8519,3600,-161.18,1.26,18.5,0.2536,0.001053,3
1779193682.9323,3601,-161.05,1.35,18.46,0.2488,0.001218,3
1779193683.0104,3602,-160.9,1.51,18.32,0.2552,0.001611,3
1779193683.0791,3603,-160.78,0.13,18.55,0.2644,0.001849,3
1779193683.1466,3604,-160.36,-1.4,19.28,0.2254,0.002019,3
1779193683.2221,3605,-158.79,-2.3,19.14,0.2916,0.002241,3
1779193683.2998,3606,-158.47,-4.64,18.39,0.2887,0.002216,3
1779193683.3908,3607,-158.15,-8.2,18.43,0.2983,0.002,3
1779193683.4912,3608,-157.09,-6.45,16.32,0.2461,0.001633,3
1779193683.566,3609,-157.11,-7.36,17.34,0.2876,0.001848,3
1779193683.6515,3610,-157.12,-8.34,16.79,0.2747,0.001506,3
1779193683.7326,3611,-157.29,-7.01,17.19,0.2675,0.001362,3
1779193683.8095,3612,-156.53,-6.66,17.86,0.3071,0.00135,3
1779193683.8942,3613,-156.33,-6.13,17.06,0.2851,0.001516,3
1779193683.974,3614,-156.49,-5.62,17.7,0.2749,0.001115,3
1779193684.048,3615,-156.43,-5.89,17.11,0.2774,0.001281,3
1779193684.1138,3616,-156.45,-5.96,17.09,0.2776,0.001274,3
1779193684.1971,3617,-156.47,-6.05,17.04,0.2689,0.001105,3
1779193684.2457,3618,-156.38,-6.5,16.83,0.2715,0.001237,3
1779193684.2939,3619,-156.31,-6.36,16.92,0.2738,0.001217,3
1779193684.3451,3620,-156.47,-6.59,16.57,0.2702,0.001295,3
1779193684.4138,3621,-156.44,-6.78,16.81,0.2618,0.001419,3
1779193684.5165,3622,-156.44,-7.29,16.73,0.2598,0.001539,3
1779193684.6575,3623,-156.32,-7.12,16.63,0.2572,0.001301,3
1779193684.7341,3624,-156.35,-7.25,16.45,0.2678,0.001619,3
1779193684.8094,3625,-156.18,-6.55,16.51,0.2607,0.001216,3
1779193684.8847,3626,-156.25,-6.53,16.3,0.2658,0.001441,3
1779193684.9912,3627,-156.56,-6.22,17.35,0.2613,0.001763,3
1779193685.0698,3628,-156.81,-5.77,17.63,0.2646,0.002003,3
1779193685.1316,3629,-156.81,-6.44,17.35,0.273,0.001809,3
1779193685.1988,3630,-156.83,-6.97,16.98,0.2734,0.002049,3
1779193685.27,3631,-156.92,-7.24,16.46,0.2773,0.00169,3
1779193685.343,3632,-157.24,-7.75,16.67,0.2914,0.00139,3
1779193685.4195,3633,-157.38,-7.44,18.0,0.2844,0.001145,3
1779193685.4838,3634,-157.09,-6.35,18.45,0.2762,0.001083,3
1779193685.557,3635,-157.16,-6.1,18.6,0.2823,0.001239,3
1779193685.6252,3636,-157.15,-6.33,17.92,0.2783,0.001363,3
1779193685.7005,3637,-157.43,-6.72,18.47,0.2582,0.001197,3
1779193685.7778,3638,-157.49,-6.64,18.2,0.2498,0.001311,3
1779193685.8865,3639,-157.41,-6.45,18.02,0.2457,0.001685,3
1779193685.9975,3640,-157.34,-6.83,17.71,0.246,0.001317,3
1779193686.0935,3641,-157.42,-7.03,18.01,0.2329,0.001135,3
1779193686.1854,3642,-157.63,-6.75,18.38,0.2467,0.001193,3
1779193686.266,3643,-157.96,-5.02,18.22,0.2483,0.001238,3
1779193686.3429,3644,-157.81,-5.49,16.93,0.2701,0.001482,3
1779193686.418,3645,-157.77,-5.95,16.87,0.2701,0.001696,3
1779193686.5013,3646,-157.84,-5.35,17.06,0.2713,0.001816,3
1779193686.5825,3647,-157.79,-4.99,17.25,0.2809,0.001879,3
1779193686.6629,3648,-157.78,-4.81,17.25,0.2815,0.001737,3
1779193686.7406,3649,-158.09,-4.76,17.02,0.2975,0.001187,3
1779193686.8268,3650,-158.0,-4.3,17.39,0.2784,0.001065,3
1779193686.9014,3651,-158.15,-4.21,17.73,0.3022,0.001076,3
1779193686.981,3652,-157.79,-3.09,17.32,0.2765,0.001067,3
1779193687.0482,3653,-157.77,-3.18,17.43,0.2563,0.001128,3
1779193687.1115,3654,-157.83,-2.97,17.17,0.2445,0.001117,3
1779193687.1762,3655,-158.08,-3.38,16.89,0.2411,0.001073,3
1779193687.2509,3656,-158.22,-3.22,16.74,0.2543,0.001016,3
1779193687.3344,3657,-158.06,-2.86,17.02,0.2606,0.001216,3
1779193687.4103,3658,-158.13,-3.04,17.2,0.25,0.001052,3
1779193687.4955,3659,-158.23,-3.16,17.37,0.2436,0.000907,3
1779193687.6139,3660,-158.31,-3.47,17.46,0.249,0.000766,3
1779193687.6958,3661,-158.39,-3.37,17.52,0.2594,0.000669,3
1779193687.7738,3662,-158.35,-3.47,17.66,0.2545,0.000411,3
1779193687.8622,3663,-158.32,-3.79,17.14,0.2569,0.000515,3
1779193687.9781,3664,-158.74,-2.91,18.79,0.2248,0.000594,3
1779193688.0563,3665,-159.26,-3.35,18.6,0.265,0.000841,3
1779193688.1263,3666,-160.25,-1.12,19.93,0.2752,0.001042,3
1779193688.1963,3667,-161.19,-1.29,21.01,0.2768,0.001122,3
1779193688.2939,3668,-163.63,1.0,21.52,0.3035,0.001085,3
1779193688.3721,3669,-164.78,3.31,20.22,0.2778,0.00118,3
1779193688.4349,3670,-165.34,3.83,19.54,0.2879,0.001379,3
1779193688.5083,3671,-166.25,5.18,19.04,0.2814,0.001318,3
1779193688.584,3672,-167.99,6.66,18.18,0.2871,0.00139,3
1779193688.6593,3673,-168.31,8.73,18.46,0.277,0.00129,3
1779193688.7408,3674,-168.78,8.19,19.12,0.2783,0.0012,3
1779193688.8261,3675,-169.44,9.78,19.96,0.2398,0.000865,3
1779193688.9045,3676,-170.27,10.74,18.81,0.2223,0.000664,3
1779193688.9898,3677,-170.46,12.28,18.03,0.2341,0.000855,3
1779193689.0624,3678,-171.53,12.0,17.6,0.2494,0.000811,3
1779193689.1272,3679,-172.41,14.58,14.93,0.2827,0.001108,3
1779193689.1907,3680,-172.89,14.8,14.99,0.2703,0.001374,3
1779193689.2922,3681,-173.63,14.8,15.38,0.2361,0.001733,3
1779193689.3671,3682,-174.58,17.37,14.27,0.2324,0.00209,3
1779193689.4516,3683,-175.37,17.23,14.01,0.2374,0.002315,3
1779193689.532,3684,-176.46,19.0,12.69,0.2503,0.002453,3
1779193689.6116,3685,-177.6,19.75,13.01,0.2655,0.002738,3
1779193689.6978,3686,-178.62,20.8,11.23,0.2786,0.003253,3
1779193689.7838,3687,-179.52,21.45,12.32,0.2559,0.003202,3
1779193689.8598,3688,179.64,21.6,12.55,0.2455,0.002982,3
1779193689.9803,3689,179.34,22.44,13.11,0.2384,0.002747,3
1779193690.0528,3690,178.77,23.71,13.65,0.2426,0.002274,3
1779193690.1218,3691,178.83,23.26,14.31,0.2092,0.001541,3
1779193690.1861,3692,178.21,24.15,14.18,0.2254,0.001041,3
1779193690.2616,3693,177.79,24.66,14.26,0.2116,0.001291,3
1779193690.3362,3694,177.54,25.4,13.29,0.2091,0.001067,3
1779193690.4067,3695,177.03,26.24,12.76,0.2255,0.001084,3
1779193690.4849,3696,176.93,26.37,12.6,0.2392,0.001162,3
1779193690.5548,3697,176.78,26.33,12.71,0.2437,0.001127,3
1779193690.6102,3698,176.79,26.28,12.88,0.244,0.001197,3
1779193690.6698,3699,176.8,26.17,13.05,0.239,0.00155,3
1779193690.7629,3700,176.95,25.38,13.35,0.2365,0.002066,3
1779193690.8787,3701,177.12,25.21,13.79,0.2264,0.002488,3
1779193690.9539,3702,177.05,24.91,13.71,0.2471,0.002446,3
1779193691.0291,3703,176.84,25.02,13.3,0.2471,0.002146,3
1779193691.0971,3704,176.85,25.7,13.34,0.2497,0.001793,3
1779193691.1615,3705,176.99,25.03,13.2,0.2571,0.001374,3
1779193691.2302,3706,178.36,22.81,14.44,0.2248,0.0011,3
1779193691.3006,3707,-179.51,20.34,16.6,0.233,0.001542,3
1779193691.3863,3708,-178.54,20.61,15.97,0.2194,0.002246,3
1779193691.4743,3709,-177.56,20.41,15.22,0.304,0.002533,3
1779193691.5608,3710,-176.71,19.74,14.55,0.2688,0.002445,3
1779193691.6442,3711,-175.41,18.45,15.34,0.2809,0.002537,3
1779193691.7357,3712,-174.13,16.43,17.89,0.281,0.002248,3
1779193691.8056,3713,-172.63,15.19,16.94,0.3369,0.001625,3
1779193691.9123,3714,-171.2,13.6,15.74,0.3421,0.001297,3
1779193691.9947,3715,-170.26,11.11,16.14,0.3138,0.001204,3
1779193692.0689,3716,-169.53,10.78,16.78,0.316,0.000969,3
1779193692.1358,3717,-168.4,10.49,17.75,0.2963,0.001037,3
1779193692.2011,3718,-167.21,8.38,17.49,0.3147,0.00105,3
1779193692.2708,3719,-166.62,5.9,18.48,0.3032,0.001152,3
1779193692.348,3720,-165.19,4.13,17.63,0.3354,0.001058,3
1779193692.4213,3721,-164.15,3.11,17.52,0.301,0.001256,3
1779193692.4936,3722,-162.92,0.92,19.05,0.2816,0.001364,3
1779193692.5766,3723,-162.12,1.65,19.15,0.2803,0.001923,3
1779193692.6567,3724,-161.75,-0.35,18.98,0.2493,0.002066,3
1779193692.7299,3725,-160.93,-0.21,19.69,0.2738,0.002371,3
1779193692.8087,3726,-160.52,-0.32,19.33,0.2663,0.001964,3
1779193692.918,3727,-159.95,0.22,18.97,0.2531,0.001555,3
1779193692.9959,3728,-159.62,0.95,19.21,0.2679,0.001195,3
1779193693.0701,3729,-159.39,1.57,19.18,0.264,0.000993,3
1779193693.1401,3730,-159.0,1.59,19.54,0.2569,0.000805,3
1779193693.1987,3731,-158.89,1.02,19.33,0.2282,0.000899,3
1779193693.2958,3732,-158.84,0.21,20.03,0.224,0.000937,3
1779193693.3727,3733,-158.91,0.08,19.93,0.2339,0.000923,3
1779193693.433,3734,-158.87,0.02,20.66,0.2312,0.001079,3
1779193693.4965,3735,-158.94,-0.38,20.25,0.2289,0.001139,3
1779193693.5699,3736,-159.99,-0.83,20.37,0.2636,0.001431,3
1779193693.6389,3737,-160.62,-0.51,21.76,0.2625,0.001399,3
1779193693.7241,3738,-161.05,1.36,21.39,0.2695,0.001362,3
1779193693.8473,3739,-162.05,2.21,22.16,0.2825,0.001222,3
1779193693.9299,3740,-163.14,3.06,23.83,0.2631,0.001258,3
1779193694.0116,3741,-164.54,4.48,23.11,0.266,0.001052,3
1779193694.0836,3742,-166.69,7.95,21.64,0.2975,0.0012,3
1779193694.1469,3743,-168.47,10.14,19.71,0.2736,0.001293,3
1779193694.2167,3744,-170.32,12.83,21.27,0.266,0.001335,3
1779193694.2912,3745,-171.33,14.76,18.93,0.3018,0.001355,3
1779193694.3654,3746,-172.2,13.34,20.72,0.2442,0.001339,3
1779193694.444,3747,-172.92,14.16,21.46,0.2258,0.001725,3
1779193694.5268,3748,-174.38,15.81,21.38,0.276,0.001635,3
1779193694.609,3749,-174.73,16.17,21.51,0.2657,0.001883,3
1779193694.6778,3750,-175.84,18.63,20.21,0.2565,0.001882,3
1779193694.7313,3751,-176.5,18.54,20.32,0.222,0.002063,3
1779193694.7902,3752,-177.32,19.69,20.21,0.2589,0.00151,3
1779193694.8648,3753,-177.66,20.33,19.26,0.2269,0.001451,3
1779193694.9419,3754,-178.03,20.13,19.53,0.2091,0.001276,3
1779193695.017,3755,-178.54,21.21,18.52,0.23,0.001199,3
1779193695.0875,3756,-179.18,20.84,17.57,0.2053,0.000992,3
1779193695.1511,3757,-179.65,20.79,16.27,0.2113,0.00125,3
1779193695.2152,3758,-179.78,21.16,15.51,0.2527,0.001287,3
1779193695.2891,3759,-179.32,20.45,15.43,0.214,0.001349,3
1779193695.367,3760,-179.39,21.16,15.47,0.2213,0.00166,3
1779193695.4453,3761,-179.74,21.21,15.37,0.2307,0.00187,3
1779193695.5229,3762,-179.44,20.45,15.75,0.2071,0.001757,3
1779193695.6035,3763,-179.72,20.14,16.1,0.2136,0.001881,3
1779193695.7077,3764,179.83,20.31,14.93,0.2196,0.00202,3
1779193695.778,3765,179.91,20.2,14.37,0.2287,0.002027,3
1779193695.8468,3766,179.68,20.85,13.58,0.2492,0.002017,3
1779193695.9156,3767,179.93,20.64,13.3,0.2462,0.002077,3
1779193695.9894,3768,-179.78,19.66,14.09,0.2286,0.002185,3
1779193696.039,3769,179.99,20.26,14.29,0.2315,0.002562,3
1779193696.1166,3770,178.92,22.64,12.53,0.294,0.002434,3
1779193696.1746,3771,179.39,21.28,13.37,0.275,0.002184,3
1779193696.2419,3772,-179.81,21.36,15.81,0.2459,0.001922,3
1779193696.3168,3773,-179.57,20.89,16.24,0.2291,0.001548,3
1779193696.3933,3774,-179.55,20.77,16.44,0.2342,0.001091,3
1779193696.4995,3775,-179.27,21.11,16.26,0.2508,0.001011,3
1779193696.5987,3776,-178.65,20.87,15.35,0.2633,0.00157,3
1779193696.7193,3777,-178.25,19.32,15.85,0.2293,0.002196,3
1779193696.8219,3778,-177.8,19.04,15.72,0.2587,0.002139,3
1779193696.903,3779,-177.22,17.47,15.28,0.2239,0.001976,3
1779193696.9719,3780,-177.05,18.8,15.68,0.2602,0.001929,3
1779193697.055,3781,-175.81,16.18,15.79,0.2388,0.002142,3
1779193697.1306,3782,-175.33,16.02,14.44,0.2305,0.002224,3
1779193697.2294,3783,-174.61,16.64,14.54,0.3076,0.002317,3
1779193697.2992,3784,-172.8,16.25,15.7,0.3492,0.002643,3
1779193697.3538,3785,-169.55,13.36,18.76,0.2839,0.00281,3
1779193697.4215,3786,-166.87,10.24,19.24,0.2595,0.001968,3
1779193697.4947,3787,-165.64,7.68,21.61,0.2952,0.001347,3
1779193697.566,3788,-164.71,5.58,21.54,0.2733,0.001474,3
1779193697.6457,3789,-163.72,5.87,20.2,0.2575,0.001795,3
1779193697.7211,3790,-162.97,3.09,20.91,0.2698,0.002486,3
1779193697.8102,3791,-162.5,2.5,21.93,0.2878,0.003122,3
1779193697.8847,3792,-161.58,2.6,20.68,0.3009,0.003293,3
1779193697.9644,3793,-160.63,1.37,23.55,0.291,0.00319,3
1779193698.0393,3794,-160.16,1.03,21.92,0.2688,0.002711,3
1779193698.1062,3795,-160.02,-0.17,21.77,0.2559,0.001785,3
1779193698.1753,3796,-159.5,0.11,21.15,0.2549,0.001181,3
1779193698.248,3797,-159.17,0.68,21.31,0.2743,0.000915,3
1779193698.3217,3798,-159.31,0.02,21.89,0.283,0.000952,3
1779193698.3961,3799,-160.46,0.4,20.8,0.3375,0.000818,3
1779193698.4725,3800,-160.59,0.74,20.64,0.3012,0.000948,3
1779193698.5535,3801,-160.67,1.93,20.14,0.2982,0.001129,3
1779193698.6284,3802,-162.01,2.83,16.33,0.3785,0.001455,3
1779193698.7076,3803,-162.66,2.95,14.75,0.4149,0.001329,3
1779193698.7844,3804,-163.43,2.32,13.47,0.4098,0.001262,3
1779193698.862,3805,-163.37,1.45,13.41,0.4228,0.001079,3
1779193698.9344,3806,-165.4,1.05,11.21,0.447,0.001072,3
1779193699.0132,3807,-166.53,-2.76,10.62,0.4465,0.000976,3
1779193699.0803,3808,-168.06,-6.56,10.1,0.4498,0.001244,3
1779193699.1417,3809,-169.55,-8.05,8.07,0.4675,0.001518,3
1779193699.2028,3810,-169.62,-7.64,6.92,0.4836,0.001659,3
1779193699.2731,3811,-169.64,-12.27,6.52,0.4787,0.001522,3
1779193699.3482,3812,-169.81,-11.64,5.41,0.4826,0.001451,3
1779193699.4278,3813,-169.76,-11.65,5.74,0.4606,0.001205,3
1779193699.526,3814,-169.35,-10.66,6.11,0.4635,0.001032,3
1779193699.636,3815,-169.29,-10.41,6.47,0.4549,0.001021,3
1779193699.7317,3816,-168.98,-9.92,6.56,0.455,0.001117,3
1779193699.8083,3817,-168.98,-9.62,7.07,0.4575,0.001125,3
1779193699.9226,3818,-169.01,-10.6,6.77,0.4589,0.0013,3
1779193700.0233,3819,-169.12,-9.28,7.05,0.456,0.001381,3
1779193700.0872,3820,-168.98,-9.11,7.26,0.4507,0.001325,3
1779193700.1471,3821,-168.97,-8.57,8.28,0.4502,0.001276,3
1779193700.2138,3822,-168.28,-11.54,8.27,0.4393,0.001503,3
1779193700.2683,3823,-167.79,-12.62,8.09,0.4387,0.001241,3
1779193700.3222,3824,-167.79,-11.99,7.9,0.4336,0.001086,3
1779193700.3764,3825,-167.69,-12.65,6.84,0.4371,0.001233,3
1779193700.4568,3826,-168.0,-11.7,6.64,0.4343,0.001186,3
1779193700.5151,3827,-168.16,-11.48,6.35,0.4407,0.000803,3
1779193700.5905,3828,-168.41,-10.65,6.31,0.4395,0.000952,3
1779193700.6695,3829,-168.34,-12.18,4.67,0.4494,0.000795,3
1779193700.7419,3830,-168.66,-10.34,4.71,0.445,0.000716,3
1779193700.8517,3831,-168.58,-10.29,4.27,0.4452,0.00062,3
1779193700.9359,3832,-168.73,-9.85,4.3,0.4466,0.000634,3
1779193701.0127,3833,-168.98,-9.32,4.09,0.4421,0.000804,3
1779193701.0826,3834,-169.14,-9.19,3.7,0.4403,0.000891,3
1779193701.1444,3835,-169.3,-8.99,3.99,0.4467,0.000948,3
1779193701.2089,3836,-169.46,-9.17,3.44,0.4456,0.001604,3
1779193701.2718,3837,-169.37,-9.35,3.4,0.4508,0.003284,3
1779193701.3763,3838,-169.22,-10.18,4.2,0.4515,0.003541,3
1779193701.457,3839,-169.28,-10.38,4.97,0.4478,0.004709,3
1779193701.5425,3840,-169.26,-10.47,4.76,0.4561,0.005409,3
1779193701.6261,3841,-169.16,-10.73,4.41,0.4562,0.005399,3
1779193701.7078,3842,-169.97,-11.61,4.34,0.4504,0.004473,3
1779193701.7737,3843,-170.8,-15.78,2.51,0.4583,0.005473,3
1779193701.8351,3844,-171.36,-15.22,-1.45,0.4247,0.005301,3
1779193701.916,3845,-172.1,-16.78,-3.35,0.4261,0.005777,3
1779193701.9995,3846,4.86,-4.28,11.84,0.4152,0.006327,3
1779193702.0792,3847,3.85,-4.11,12.35,0.3967,0.00704,3
1779193702.1418,3848,3.56,-2.65,11.49,0.4065,0.006446,3
1779193702.2121,3849,2.72,-2.25,10.79,0.4102,0.006681,3
1779193702.2876,3850,2.8,0.06,10.73,0.4216,0.008104,3
1779193702.3681,3851,2.8,2.16,10.37,0.3968,0.007356,3
1779193702.4529,3852,2.55,1.89,10.36,0.4044,0.009461,3
1779193702.5545,3853,2.79,2.68,10.31,0.4043,0.011628,3
1779193702.6189,3854,2.96,1.67,9.98,0.4069,0.014317,3
1779193702.7024,3855,3.11,0.25,11.04,0.4168,0.014251,3
1779193702.7783,3856,3.48,-4.43,11.13,0.4252,0.015644,3
1779193702.8369,3857,3.33,-6.98,13.67,0.4173,0.013569,3
1779193702.9181,3858,-172.58,-18.36,-0.31,0.4379,0.012491,3
1779193702.9974,3859,-172.95,-16.42,2.59,0.4365,0.008802,3
1779193703.0658,3860,-172.13,-17.1,3.09,0.4483,0.007693,3
1779193703.1279,3861,-171.69,-19.9,3.64,0.4379,0.099287,3
1779193703.1916,3862,-171.17,-18.24,3.04,0.4284,0.09819,3
1779193703.2696,3863,-172.82,-16.47,8.08,0.4516,0.096674,3
1779193703.3464,3864,-173.67,-17.06,8.95,0.4519,0.096979,3
1779193703.4308,3865,-174.11,-16.49,7.72,0.4468,0.096732,3
1779193703.5018,3866,-175.25,-17.92,7.88,0.4408,0.003567,3
1779193703.574,3867,-175.85,-16.65,6.21,0.4255,0.003478,3
1779193703.6528,3868,-176.37,-18.26,4.79,0.4314,0.003298,3
1779193703.7503,3869,-176.89,-14.56,4.42,0.4298,0.004138,3
1779193703.851,3870,-177.02,-12.45,4.48,0.4304,0.003795,3
1779193703.9592,3871,-177.07,-11.78,5.88,0.4318,0.004023,3
1779193704.045,3872,-176.98,-11.26,6.07,0.4358,0.004101,3
1779193704.1277,3873,-176.68,-10.66,6.18,0.456,0.004456,3
